X1,X2,X3,X4
twopera.com,台北 城市 舞台 的 「 貓神 」 演出 上上下下 隨即 又 投入 了 2010年 全球 巡演 首站 - 蘇州 的 籌備 事宜 日前 總團長 更 親自 領軍 ， 率領 著無 敵 小生 孫翠鳳 前往 蘇州 宣傳 足見對這 一 次 演出 的 重視 小 編 整理 了 蘇州 的 新 聞報導 也,讓,大家 提前 感受 一下 蘇州 行的 氣氛 吧 ！ 
winshang.com, 从 装修 风格 、 卖场 布局 ， 到 货品 陈列 、 商品 组合 ， 再 到 促销 推广 、 顾客 服务 ; 从 外观 到 内涵 ; 从 视觉 到 感觉 ， 甚至 听觉 、 嗅觉 ， 每 一 细微 之 处 ， 都 务必,讓,顾客 享受 到 与众不同 的 购物 乐趣 。 
lwlm.com, 青少年 网络 道德 教育 ， 不是 要 改变 网络 ， 也 不 是 要 改变 青少年 的 心理 ， 而 是 要 为 他们 创建 一 种 以 网络 文化 表现 生活 的 方式 ，,讓,青少年 的 心灵 在 和谐 网络 文化 价值观 的 引导 下 表现 自己 ， 并 体验 自己 的 存在 。 
tripname.com, 遊輪 上 精心 為 您 安排 的 節目 ， 更,讓,您 不 虛 此 行 。 
tripname.com, 遊輪 上 精心 為 您 安排 的 節目 ， 更,讓,您 不 虛 此 行 。 
citscq.com, 随后 前往 享用 精致 精緻 下午茶 —,讓,您 旅遊 放鬆 ， 品尝 特色 点心 ， 咖啡 以及 饮料 ， 风味 独特 。 
qcrx.cn, 人文 精神 的 培养 ， 不仅 能够 帮助 学生 逐渐 将 其 自身 的 自我 性 开发 出来 ， 而且 能够 打破 传统 美术 教学 的 局限性 ，,讓,学生 能够 真正 的 提升 其 自身 的 道德 情操 和 人文 情怀 。 
1718china.com, 参会 代表 高达 5000多 人 ， 其中 今年 汇聚 中国 生物 发酵 产业 协会 会员 代表 大会 ， 每 二 年 一 届 ， 历届 参会 人数达 ： 800 人 之 多 ， 与 您 一起 共,讓,发酵 行业 盛会 ! 
efu.com.cn," 若 制成 厨房 或 电冰箱 內层 或 器具 , 可 去除 臭气 , 高效 脫 臭 裝置 , 具脫 臭 功效 , 竹炭 高分子 可 吸收",讓,"蔬果 老化 的 乙烯 氣體 及 維他 命C 的 酵素 , 進 一 步 防止 食物 腐坏 , 吸收 催熟 蔬果 的 乙烯 气体 。 "
udn.com, ： 這個 行程 安排 有 點意思 ， 先,讓,你 看看 美國軍 事 科技 的 強大 ， 再 好好 談 一 談 ， 可能 是 鴻門宴 。 ) 
nbedu.net.cn, 等级 ： 自成 一 派 头衔 ： ( _ 少,讓,Wo傷 . 
banq.cn,自然 ， 道法 自然 ” ， 尊重 场地 的 自然 属性 ， 顺应 原本 接近 20 米 地势 高差 ， 将 山谷 的 林木 、 草坡 、 山石 、 溪流 等 自然 美景 引入 庭院 之中 ， 使 建筑 与 环境 巧妙 的 融合 ， 打造 宜人 的 山居 环境 ，,讓,自然 和 人 更加 的 融合 ， 形成 独具一格 的 “ 自然 山地 园林 ” 。 
lwlm.com, 如 在 学习 《 走进 大自然 》 这 一 章节 的 时候 ， 主要 是,讓,学生 在 亲身 体验 自然 之 美 的 时候 ， 能够 认识 和 分清 一些 颜色 ， 这时候 教师 就 可以 把 课堂 归还 给 学生 ， 让 学生 表述 自己 喜爱 的 事物 ， 这样 课堂 就 非常 的 灵动 ， 学生 的 兴趣 也 得到 了 激发 。 
udn.com, 很 有趣 ， 四川 成都 不想讓 四川 城市 通 重慶 ， 安徽 合肥 不 想,讓,安徽 城市 通 南京 。 
cfia.org.cn, 参会 总 人数 高 达 1000 多 人 ， 其中 今年 汇聚 第二 届 国际 酵素 产业 发展 高峰 论坛 ； 历届 参会 人数达 ： 400 人 之 多 ， 与 您 一起 共,讓,酵素 行业 盛会 ！ 
xinjr.com, 高誉 凤 老师 自从 入 风水 行业 以来 ， 为多 位 人士 佈局 改运 ，,讓,人生 更 圆融 ， 幸福 美满 。 
udn.com, 要,讓,有心 的 人 投入 農業 ， 讓無 心 投入 的 人 退出 農業 生 產 身分 。 ) 
freetrip.com.cn, 充滿 奇妙 生趣 的 美國 小 鎮 大街 、 探險 世界 、 幻想 世界 、 明日 世界 四 個主題區 ，,讓,我 們 的 夢想 一一 實現 （ 晚餐 由 本 公司 提供 价值 50 元 的 餐券 一 张 ， 小童 半价 ） ， 晚上 入住 酒店 休息 。 
xingyidai.net, 作为 马来西亚 数一数二 热带 果林 ， 這裡種 植 了 許多馬來 西 亞 特有 香料 及 少數 的 水果樹 ， 導遊會為 每 一 株 香料 如 棕櫚 、 胡椒 、 香矛 做 詳細 的 解說 及 介紹 ，,讓,旅客 可 了解 香料 對馬來 西亞 的 貢獻 及 重要性 。 
aomeisoft.com, 對托特 塔羅感 興趣 ， 卻 困惑 於龐 大 豐富 的 理論 、 艱深 難 懂 的 神秘 學 意涵 ， 不 知 該 如何 上手 的 讀者們 ， 這是 一 本 能,讓,你 全面 了解 托特 塔羅 基礎知識 的 必備入 門書 ！ 
lwlm.com, 同时 要 提升 班级 的 整体 管理 效果 ， 让 学生 能有 更加 充分 的 发挥 空间 ，,讓,学生 主动 的 进行 知识 学习 ， 而 不 是 被动 的 学习 。 
yocity.cn, 游泳池 全 長 120 米 ， 水深 1.2m ， 可 躺 可臥 ， 周邊設 有 特色 溫泉 小 泡池 ， 可以,讓,您 隨心 所 “ 浴 ” 。 
163.com," 产品 主要 表现 ： 提升 肌肤 的 光滑度 ， 减少 粗糙 ,",讓,"全身 肌膚乾淨清透 , 無瑕疵 。 "
1216.pub, 笔钱,讓,任何 人 都 能 换取 负债 证明书 的 资产 - 遍布 神界 各 个 部落 ~ 低头 略微 沉吟 了 起来 不过 具体 到 行业 层面 : 收评 ： 大 金融 接力 互联网 + 牛市 有望 开启 新 征程 相关者 为了 ， 博客 搜狐 汽车 新闻 评论 销量 研究 海外 买车
fx361.com, 在 活动 中 穿插 表演 的 节目 《 三字经 操 》 和 歌曲 《 国画 》 也 让 在场 观众 眼前 一 亮 ，,讓,大家 深刻 领会 到 家庭 美德 、 诗词 古韵 的 精髓 所在 。 
973513.vip, 塞尔 比 ： 刘海涛 输 在 冲球 担心 决赛 英德 比 没 观众 笔 钱,讓,任何 人 都 能 - 小德 准备 的 好 穆雷 第四 盘 状态 不 好 小 德 技术 更胜一筹 2 ? 
lwlm.com,,讓,他们 露 个 脸 ， 为 他们 点 个 赞 ， 给 他们 留个 言 ， 这些 爱心 人士 的 故事 在 新 媒体 平台 上 得到 了 进一步 彰显 。 
DyLw.NeT, 对于 结尾 也 没有 固定 格式 ， 我,讓,学生 一定 掌握 好 常见 的 几种 方法 ， 有 概括 全文 、 交代 结果 、 写出 感受 篇 末 点题 、 表达 感情 和 愿望 、 首尾 呼应 给 读者 留下 思考 和 回味 的 余地 等 。 
fx361.com, 比如 ， 教师 可以 剪下 报纸 、 杂志 中 的 图画,讓,学生 看图 编 对话 或 写成 小 短文 ， 在 班 上 交流 。 
DYlw.net, 可以 引导 学生 谈谈 自己 英语 学习 的 方法 和 所 遇到 的 困惑 ，,讓,其他 学生 一 起 为 他 想 办法 ； 可以 让 学生 在 聆听 他人 学习 方法 的 过程 中 有意识 地 借鉴 别人 成功 的 经验 ， 取 人 之 长 补 己 之 短 。 
tripname.com," 随后 前往 观赏 【 龍鳳爭 霸 表演 】 藝術 文化 泰拳 表演 國際標準 擂台賽 , 能 在 泰拳 表演 的 過程 中",讓,"客人 了解 到 泰 拳 精華 以及 泰拳 各 路 招式 , 泰拳 做為 一 種 非常 具有 實戰經 驗的 拳術 切不可小視 。 "
387226.vip, 子弹 既然 不 能 穿透 他 '' 笔钱,讓,任何 人 都 能 这 是 中国 建设 银行 继 在 伦敦 、 智利 之后 再次 获 任 人民币 清算 行 资格 ， 人民 日报 批 招聘 性别 歧视 ： 企业 非 澡堂 无需 看 男女 并不 会 因为 单独 某个 行业 的 利好 就 出现 根本性 的 改变 ~ 那么
517951.vip, 笔钱,讓,"任何 人 都 能 ， 研究 解决 食品 药品 安全 法治 建设 的 重大 问题 流动性 上 更 是 让 以 跨境 电子 商务 为 代表 的 新 业态 成为 上海 外贸 新 动能 ~ 而后 把 小 唯 等 人 全部 笼罩 了 下去 "" 捷豹 路虎 六 位 副总"
DYlw.net, 因此 ， 在 语文 课堂 教学 中 ， 教师 可以 运用 微课 ， 充分 调动 学生 的 多 种 感官 —— 口 、 脑 、 眼 、 耳 、 手 ，,讓,学生 通过 多种 感官 的 调动 进行 更为 有效 的 自主 学习 。 
133229.com, 一 个 健康 的 监督 机制 包括 监督 主体 为 行政 机关 的 政府 内部 监督 ， 以及 监督 主体 为 公众 的 外部 监督 ， 建立 健全 的 监督 机制 要,讓,政府 内部 人员 以及 公民 群众 、 舆论 媒体 全部 参与 进来 。 
lwlm.com, 营造 良好 的 教学 氛围 ，,讓,学生 感受 音乐 之 美 情感 的 熏陶 往往 需要 一定 的 氛围 和 环境 。 
zhazhi.com,干部 网络 宣传 研讨会 昆交会 : 中国 西南 走向 世界 的 舞台 驾车 渡海 看 大连 明日 家园 ── 金康园 : 后来 居上 丽江 花园 : 人 在 园林 图画 中 打开 津门 接 海潮 ── 天津市 市长 李盛霖 访谈 古老 城区 迎接 世纪 机遇 走向 辉煌 的 明天 今日 杨柳青,讓,我 們和讀者 的 心貼 得 更 近 活躍 的 個體 户 “ 我的 一 日 ” 之一 —— 第五十二 封 來信 “ 我 的 一 日 ” 之 二 —— 我 和 我 的 主 家 海关 对 首次 回 大陆 探亲 台胞 给予 特殊 免税 照 顧為 您 服務 香港
sl-360.com, “ 不 過 ，,讓,maXim 更 完美 的 是 它 擁有 独特 的 ’ PatPad’ ， maXim 控制台 用于 控制 电脑灯 的 部份 。 ” 
fx361.com,上 极易 成为 一 种 游戏 活动 ， 在 文化 层面 容易 变成 快餐 文化 和 消费 文化 ， 在 意义 层面 上 片面 追求 快感 与 消遣 ， 因而 对 网络 文学 的 “ 引渡 ” ， 其 重点 在于 增强 作品 观念 的 概括 力 和 凝聚力 ， 在于,讓,每 一 部 作品 中 真理 的 自行 植入 更加 丰满 和 传神 ， 只要 加入 深邃 的 内涵 ， 网络 文学 的 艺术 价值 就 会 显著 提升 。 
lwlm.com, 不 是 付出 就 能,讓,人 感受 ， 要使 关怀 的 强度 、 时机 、 方式 适宜 学生 。 
jyssyzx.cn, 一 、 【 如 果是 在线 视频 】 ： 1 、 请您 拜托 各位 大 神 采纳 哦 ymdha@草榴 社區@福大 女神 张依伊 就 要 爆 红的 女孩 + 好 逼 都,讓,狗 日 了 留學生 被 外國 大叼操 + 桥口 古田 
uknowiknow.com,- 17:00 ， 工商 银行 是 9:00-17:00 ， 其他 银行 查 不到 ， 应该 大致 都 差不多 ， 但是 周六 周日 有些 银行 会 有 其中 一 天 休息 ， 也 有的 银行 不 休息 ， 要 看 具体 的 支行 通知 的 ， 无法 查到 ， 因此 周五 會盡 量,讓,大家 開戶 完成 最 保险 ， 不 能 就 需要 周五 先 去 各 银行 看一下 周六 周日 的 营业 时间 。 
chinathinktanks.org.cn, ( 張保賢 ： 要,讓,“ 太平官 ” 不 太 平 ， 中國組織 人事報 2013年 04月 01日 ) 今年 以来 ， 四川省 旺苍县 向 “ 为官 不 为 ” 开刀 ， 今年 以来 共 查处 领导 干部 “ 为官 不 为 ” 案件 9 件 ， 给予 10 人 党纪 政纪 处分 ， 责任 追究 16
692978.vip, 笔 钱,讓,任何 人 都 能 急忙 下滑 但 随着 利率 的 习近平 号召 周边 国家 共 推 “ 一 带 一 路 ” 携手 和平 发展 ? 
fx361.com, 于是 决定 专门 组织 人员 编写 一 本 让 这 批 学生 使用 的 教科书 —— 人体 结构 图谱 ， 目的 是 为了,讓,学生 在 短时 间内 掌握绘 人物 画 之 技法 。 
fx361.com, 该 校 的 设施 设备 非常 先进 ， 专业化 程度 之 高,讓,前来 考察 的 业内 外 专家 惊叹 ， 而 雄厚 的 师资 也 保证 了 该 校 的 教学 水平 。 
133229.com,的 注意力 ， 并 使 其 在 消费 后 产生 自身 的 愉悦 感 ， 品尝 到 旅游 服务 物有所值 ， 从而 在 大学生 的 消费 群体 中 树立 好 的 口碑 ， 大家 口口相传 ， 产生 更 好 的 带动 效应 ， 这 种 认可 显得 尤为 重要 ， 可以,讓,更 多 的 身边 人 参与 到 旅游 当中 去 。 
21ic.com,,讓,我们 從 了解 最新 的 无线 技术 發展 ， 了解 它 如何 改变 我们 的 生活 。 
338253.vip, 有 村民 务农 时 差点 掉进 塌陷 的 洞中 在 1992年 - 1993年 期货 ~ 笔 钱,讓,任何 人 都 能 . 
fx361.com, 这 种 模式,讓,农户 不仅 旱涝 保收 ， 而且 可以 享受 到 企业 的 先进 技术 和 管理 经验 ， 提高 产量 。 
657855.vip," 为了 以后 的 生存 , 三中 全会 “ 改革 ” 激发 人气 A 股 市场 先 抑后扬 BOLL 中轨 附近 盘整 在 真 所谓 ~ 至 河边 顺畅 移动 平均 线 - 谢雨均 飞车 表演 ： 漂移 笔 钱",讓,"任何 人 都 能 、 尤其是 背后 的 原因 以及 可能 的 影响 、 否则 不 要 去 贸然 参与 短线 交易 - ) 点击 进入 【 股 友会 】 参与 讨论 "" 19 在 : ATR 棘轮 的 一 个 非常 好 的 特性 是 我们 可以 在 任何 我们"
lwlm.com, 我,讓,幼儿 思考 以下 问题 ： “ 你们 觉得 这个 问题 应该 怎么 回答 ？ 
fx361.com, 在 每 一 次 的 聆听 和 对话 中 ， 我 感受 智慧 、 才华 、 思考 及 背后 的 努力 付出 ， 也,讓,自己 变得 愿意 坚持 和 敢于 挑战 。 
fx361.com, 读 后 的 思维 导图 可以,讓,学生 自己 设计 ， 学生 在 找 主题 、 一 级 枝干 、 二 级 枝干 及 有 多少 枝干 的 过程 中 ， 更 深 地理 解了 阅读 文章 。 
lwlm.com, 因此 ， 在 高中 英语 教学 中 融入 对 学生 文学 知识 的 培养 ， 能够,讓,学生 拓展 延伸 教材 内容 ， 进而 了解 不同 国家 之间 的 差异 ， 培养 出 多元 文化 的 意识 。 
21ic.com," 通过 教育 网络 许可 获得 DesignSparkPCB 的 用户 现在 已 达到 100,000 名 ， 并且 遍布 全球 数百 家 机构 ， 这 一 个 里程碑 证明 了 它 的 价值 和 成功 ，",讓,技术 人员 能够 在 短 时间 内 在 多台 计算机 下载 和 安装 软件 ， 这 是 在 时间 和 成本 方面 的 巨大 优势 。 ” 
wxtzw.cn, 香港 科技园 跟 广州 的 关系 密切 ， 科技园 與 广州 园区 公司 签订 了 一 个 绿色 通道 ， 把 医药 样品 和 信息 ， 通過 绿色 通道 互相 交流 ，,讓,数据 和 样品 可以 通关 。 
758513.vip,的 钱 ， 到底 去 哪儿 了 这 也 是 你 收益 的 一 个 组成 部分 “ 全 国 股转 系统 首批 全 国 企业 集体 挂牌 仪式 举行 ” / 截至 7月 12日 收盘 ： 《 青蛙 王国2 》 曝 预告片 丑萌天团 国际 范 十 足 “ 笔 钱,讓,任何 人 都 能 保值 增值 撮合 制 交易 是 指 投资者 不 能 ~ ” 洛克希德·马丁 公司 的 F ? 
zx58.cn, 会员 总数 ： 576 人 最新 会员 ：,讓,人心 塞 的 時間 主题 总数 ： 136 篇 回帖 总数 ： 547 篇 
nb-kangfa.com, 能量 棒,讓,人胖 ？ 
lwlm.com,<s> 在 语言 教学 的 过程 中 ， 并不 能 通过 直接 教授 的 方式 进行 口语 输出 ， 将 语言 教学 技术 作为 教学 手段 且 专注于 语言 输出 是 没有 意义 和 价值 的 ， 高 强度 的 、 反复 的 口语 训练 并不 是 完全 有效 的 ， 只有,讓,学生 做好 更加 充分 的 准备 ， 再 对 其 进行 汉语 教学 ， 在 听力 理解 之后 进行 口语 练习 训练 ， 这 种 循序渐进 的 教学 方式 才 能 从 根本 上 提高 语言 教学 效果 ， 这 就 是 口语 练习 延迟 法 的 概念 。 
fx361.com, 评析 ：,讓,学生 “ 猜猜 小 强 数 1000 的 方法 ” 的 练习 ， 不仅 及时 有效 地 复习 巩固 了 数数 方法 ， 在 一定 程度 上 发散 了 学生 思维 。 
fx361.com,被 时代 的 潮流 抛弃 ， 其 陶瓷 包装 业 亟待 进一步 转型 ， 陶瓷 包装 需要 独特 的 品牌 支持 ， 需要 图案 、 材料 和 色彩 三 大 要素 的 重新 搭配 升级 ， 更 需要 将 景德镇 当地 传统 文化 与 陶瓷 包装 的 完美 贴合 ， 以,讓,其 竞争力 得以 延续 ， 让 景德镇 的 陶瓷 文化 得到 蜕变 ， 获得 新生 。 
133229.com, 为了 更 好 地 提高 企业 内 控 审计 工作 的 开展 ， 企业 一方面 需要 注重 审计 工作 的 有效 开展 ， 另一方面 也 要 注重 做好 管控 工作 ， 从而 让 企业 的 内部 控制 得以 更好 地 完善 ， 促使 企业 稳步 发展 ，,讓,内部 控制 审计 工作 真正 成为 企业 进步 和 发展 的 支撑 ， 使 企业 的 发展 为 祖国 经济 建设 填 油 加力 。 
timesnews.cn, 我国 大部份 学校 并没有 设立 幼儿 启蒙 课程 ， 而 国际 学校 則 一般 都 会 拥有 这些 课程 ， 好 让 小孩 从 小 自主 学习 ，,讓,他 ( 她 ) 们 自行 探索 和 学习 新 事物 ， 提升 学习 效能 。 
fx361.com, 孩子 每 天 放学 回家 ， 家长 要 与 孩子 聊聊 在 学校 里 的 收获 ， 在 学校 里 的 心情 ， 锻炼 孩子 的 口语 表达 能力 ， 并,讓,他们 把 印象 深刻 的 写 下来 。 
fx361.com, 励志 教育 可以 帮助 其 形成 正确 的 行为 习惯 ， 对 中职 学生 的 行为 方式 产生 影响 ，,讓,学生 把 更 多 的 精力 投入 到 学习 中 来 。 
131696.vip, 笔钱,讓,任何 人 都 能 这 一 种 ! 
hanmyy.com, （ 3 ） 计划 组织 命令 控制 协调,讓,我 們來準備 面對 未 來 的 挑戰 
fx361.com, 做到 这 一 点 ， 就 要求 教师 联系 数学 知识 ， 抓住 “ 热点 、 活点 、 趣 点 ” ， 正确 引导 ， “ 点穴 到位 ” ， 例如 ： 在 教学 “ 循环小数 ” 时 ， 教师 绘声绘色 地 讲 ， ” 然后,讓,学生 接着 往下 说 ， 教师 问 学生 为什么 讲 不 完 ？ 
jvpjxwq.cn,的 五月天 吉吉 影音 淫 色 chengrengsheqinghanguo 少女 huangse 章子怡 裸体 写真 护士 的 透明 美 尻色 妹妹 激情 欧 美色 图 情色 台湾 少妇 狂肏 黑木耳 大 屄 13 p 夫妻 外教 3 p 鸡巴 大 豪乳肥臀 淫荡 空姐 姐姐,讓,你 高潮 喔 2 【 37p 】 ccc 360 爱 蜜桃 蜜桃 少妇 性交 图 16 岁 少女 做爱 亚洲 天使 激情 色 最新 高清 大胆 人体 艺术照 姐妹 花 14 p 姐妹 操 屄丫丫骚妇 手机 在线 看 的 成人 网址 2014 姐妹 骚逼 dianying 对着 美女 屁股
jvpjxwq.cn, 天天 射 夜夜 干 高清 电影 电车 痴汉小泽 玛利亚 裸体 美女 美图 太 全 姐姐,讓,你 高潮 喔 2 【 37p 】 色狂 之 8 淫 女 兄妺奸 小说 爆操 小 侄女 麻比图 另 类 色区 强奸 丝袜 美女 小说 我 爱 欧 美 性爱 姐姐 淫妹 湖南 张丽 在线 视频 插入 姐姐 的 小 穴位 操幼 幼 比比人 妻 强奸 种子 链接 色色 毛 日本
jvpjxwq.cn,dianying 先锋 日本 妊妇 av 电影 妹妹 要 电影 网 50 岁 熟 女照 我 爱 欧 美 性爱 俄罗斯 少女 做爱 骚妇 第一 集 快 播 姐妹 和 我 强奸 淫乱 亚洲 情色 中文 子 幕 gzszhyq 幼幼 被 骗 口交 蜜桃 欧 美 美女 阴毛 艳舞 111 页 姐姐,讓,你 高潮 喔 2 【 37p 】 搞定 大姨子 口述 操 她 色 妹妹 撸撸色 妈妈 爱 黑 大 屌老屄 大战 青年 双飞 图片 色图 干 着 丈母娘 的 人 妻 拷问 小色网 色 妹妹 影院 快 播 女生 为何 张开腿 坐 对着 美女 屁股 撸一撸大 逼 太太 姐姐 玩爽 了
jvpjxwq.cn,图 香 帅 传奇 之 天 一 神 油 情色 台湾 少妇 补 肾 壮阳 草药 图片 小穴 丝袜 靴子 被 l男 上司 强奸 小说 亚洲 性爱 图片 偷拍 乱伦 系 故事 操屄 小说 在线 阅读 姐姐 与 我 乱伦 先锋 日本 妊妇 av 电影 手淫 屋 + 影音 先锋 姐姐,讓,你 高潮 喔 2 【 37p 】 日 狗屄 的 人 自 拍 偷拍 第1 页 中文 2014 亚洲 av 综合 网 姐姐 引诱 我 肏 她 屄 国产 a 片 偷拍 自 拍 先锋 影音 播放 玉蒲团 1 完 整版 高清 图片 欧 美 干了 老婆 一 家 中文 姐姐
jvpjxwq.cn,家 中文 香港 龙虎 豹 成人 社区 姐姐 挺 动 每 天 更新 亚洲 妹子 实自 拍 网盘 下载 最新 艳照 门 欧 美 国家 夫妻 性交 片 艳舞 111 页 友崎玲 步兵 90 色 色情 色 墙上 谢 668 论坛 成人 色 哈哈 导航 好好 撸影院 色 导航 ww.xxoo8 姐姐,讓,你 高潮 喔 2 【 37p 】 插嫰屄 黄色 淫秽 视频 人和 动物 老肥 孕妇 艺术 哥 也 色金 瓶 艳史 电影 姐姐 射 我 去撸 激情 寡妇 小说 叉入 女生 骚穴 放 尿 无 码 坐 脸 妈妈 的 淫荡 秘密 3 欧 美 国家 夫妻 性交片 成人 偷拍 人体
jvpjxwq.cn,大 黑狗 和 妹妹 做爱 网 日本 模特 大胆 性行为 操小搔 屄 韩国 chengren 性交 动态 图 女 同性 华为 网 盘 韩国 chengren 性交 动态 图 亚洲 性爱 雨宫 琴音 与 小姨子 乱论 文学 世界 最 大胆 美女 摄影 姐姐 伺候 我 开心 五月 姐姐,讓,你 高潮 喔 2 【 37p 】 风骚 少妇 做爱 图片 被 曝光 老 屄 大战 青年 美 穴 图 15 p 姐妹 被 操快 播 嫂嫂 操操 碰碰 中国 少妇 图片 黑木耳 加 冰糖 怎么 做 男生 和 女生 干屄 图片 费 高清 下载 黑白 性 爱美 图 15p 极品
jvpjxwq.cn,天天 搂 狠狠 肏网 强奸 的 h 动漫 名字 大胸 美女 怎么 操 田伟 春 这 人 屌不屌吉吉 影音 淫 色 xinjiaotup 美退 大 逼 狠狠 抄 人体 艺术美 知广子 作品 番号 姐姐 相 x1 人兽性交 色片 强奸 意淫 \ 综合 极品 美女 做爱 图 亚洲 无码 偷拍 自 拍 姐姐,讓,你 高潮 喔 2 【 37p 】 裸体 图 成人 美女 图片 和 少妇 做爱 技巧 色女 在线 自 拍 初中生 逃课 在 家 操 b艳照 门 之 快 播兽兽漏 家庭 肏屄 故事 qvd 强奸 乱 偷拍 生活 照人 妻 看 一对一 尻 屄 情色 五月 网 bt 种子 下载 美女
617792.vip, 说 我们 是 真心 为 客户 着想 我 从 全 国 IPTV 收视 数据 看 ， 复星 ： 郭 广昌 协助 调查 更多 是 因 个人 原因 笔 钱,讓,"任何 人 都 能 "" 杨家俊 面色 狞狰 关键 导致 大量 的 韩国 179 名 教授 因换皮 出书 被 诉或 集体 “ 下课 ” ？ "
www4hu65w.cc, 外汇 市场 的 魅力 在于 当你 真正 适应 他 的 时候 - 分别 呆在 三 个 阵营 '' 笔钱,讓,"任何 人 都 能 "" 塞班岛 、 天宁岛 等 岛屿 经过 修建 、 增设 各 种 监视 设施 和 拦截 武器 : 肯定 是 亏 的 ！ "
qikan.com.cn, 就,讓,我们 来 解答 困扰 你 许久 的 摄影 问题 吧 ！ 
lwlm.com, 教师 在 让 学生 进行 角色 扮演 的 过程 中 ， 应该 适当地 给 他们 一些 提示 ，,讓,参加 表演 的 学生 能够 更好 地 去 诠释 自己 扮演 的 人物 。 
lwlm.com, 2014年 《 政府 工作 报告 》 提出 ， “ 所有 财政 拨款 的 ‘ 三公 经费 ’ 都 要 公开 ， ‘ 三公 经费 ’ 只 减 不 增 ， 打造 阳光 财政 ，,讓,群众 看 明白 、 能 监督 ” ， 同 年 出台 《 中央 和 国家 机关 公务 用车 制度 改革 方案 》 和 《 关于 全面 推进 公务 用车 制度 改革 的 指导 意见 》 ， 公车 改革 全面 启动 。 
eeworld.com.cn, ;,讓,我 可以 有 更 多 的 設計 經驗 模拟 设计 中 的 100 条 经验 支持 ！ 
318758.vip, 空气 波动 ~ 好 个 无情 剑 ， 等 时空 隧道 - 奠定 了 现代 汇率 理论 的 基础 ~ 杭州 绿城 官方 宣布 外援 拉蒙 回归 阿甘被 调整 出 队 笔 钱,讓,任何 人 都 能 GE 并购 阿尔斯通 和 专注 于 分段式 叶片 研发 的 BladeDynamics ！ 
965335.vip," 指祷 可能 '' 是 实现 盈利 的 根本 他 认为 '' 南非 将 收紧 烟草 法 香烟 产品 包装 将 无 品牌化 本文 就 股指 期货 的 "" 知道 交易 的 风险 Risk 笔 钱",讓,任何 人 都 能 中国 女排 与 短道 队 相聚 合影 郎平 同 李琰 交流 ( 图 ) 。 
sina.com.cn, 作为 购物 中心 的 三 号 中庭 ， 定位 为 城市 庆典 的 概念 ， 靓丽 鲜活 的 用色 、 新颖 时尚 的 材质 让 这个 中庭 给 人眼 前 一 亮 的 惊艳 ， 整个 空间 热情 奔放 ， 绚烂 夺目 ，,讓,激动 人心 的 时刻 一起 分享 。 
dqhy.com.cn, 今天 李振 先生 給 予 了 我 們 认真 品读 、 學习 、 收藏 他 作品 的 機會 ，,讓,我 們 共同 珍惜 這個 美好 的 機遇 。 
julyedu.com, 部分 听众 的 听课 心得 （ 感谢 各位 ） ： 莳萝 - eda-to 京 2015 / 2 / 21:18:13 em 算法 也 听 了 很多 遍 了 各个 老师 的 各 种 理论 推导 今天 讲 的 还是 很 有启发性,讓,我 收益 匪浅 的 只 想 说 谢谢 
wangchao.net.cn," 参考 价格 : 查看 价格 品牌 : ASVEL 产品 描述 ASVEL 6229（6L ） 皮质 垃圾 桶 高级 皮革 的 优质 美感 ,",讓,您 即刻 拥有 便捷 、 干净 、 整齐 的 空间 。 
mysinablog.com," 這一篇 ,",讓,我 想起 可怕 的 過去 . 
chinazhaokao.com, 都 已经 痛苦 的 熬 了 一些 日子 了 、 难道 要,讓,努力 白费嗎 ? 
chinazhaokao.com, 除了,讓,1 時 痛快 還 有 過后 痛恨 自己 、 然后 呢 ？ 
chinazhaokao.com, 美女 是 不 會 大口 的 吃东西 、 垃圾 食品 會 破坏 形象 、 我 不 要 13 不 想,讓,男朋友 炫耀 自己 的 美女 女友嗎 ？ 
chinazhaokao.com, 還不如,讓,别人 大 惊呼 你 真是 太 瘦 了 、 太 好 看 了 、 就是 要 瘦到 穿 什麽 衣服 都 好看 、 我 也 是 照镜子 很 難看 、 脸大 、 腰 粗 、 1坨坨肉 、 很 恶心 、 穿 衣服 感覚 身体 很厚 、 真是 糟蹋 的 反感 、
fandb.com.tw, 從 一 個 不起眼 的 教育 ，,讓,小孩子 ， 動動腦筋 ， 來培養 一 個出眾 的 人 。 
dncc.cn," 是 啊 , 翻 冤案 , 洗 JYX 清白 ,",讓,"香辣 蟹FB 照耀 在 DNCC 各 貴賓 及 DLM 咀上 , 各位 : JYX 是否 清白 啊 ? "
chinanano.cn, 网友 badcreditpayd 于 2012 / 1 / 716:54:00 发表 评论 您 可以 使用 營銷顧問 服務 ， 幫助 制定 具體 的 營銷 方案 ，,讓,您 的 想法 很多 ， 怎 樣 建 設 吸引 更 多 的 客戶 的 建議 。 
unionpedia.org, 清 政府 称之为 “ 万年 和约 ” ， 是 中國 近代史 上 第一 個 因 與外國 戰敗 而 需要 割,讓,土地 和 開放 通商 的 不平等 條約 。 
yywzw.com, 原來漢 字 可以,讓,人 一 目 瞭然 。 
kocpc.com.tw, 提前 釋出 最新 玩法 「 跨服 搶礦 」 要,讓,各位 蠢蠢 欲 動 的 玩家 一起 產生 最 火熱 最 激情 的 碰撞 ， 並且 得到 跨 伺服器 的 最高 榮耀 ！ 
kocpc.com.tw,套 官方 所 提供 的 手機同步 軟體 「 Kies 」 ， 這 套 同步 軟體 其 實還蠻 好用 的 ， 因為 它 整合 了 相片 、 影音 、 APP 的 同步 安 裝 功能 ， 而且 還 能 直接 在 Kies 上 直接 編輯 修改 聯絡 人 與電話 等 資料 ，,讓,我 們 可以 更 快速 的 管理 自已 的 . 
gzgby.com, 也 僅此這個 夏天 ，,讓,我 刻苦 銘心 。 
gzgby.com, 第七 次 、 第八 次 、 第九 次 ······一次次 的 相遇 相識 ，,讓,我 們變 得 熟悉 。 
zntmx.cn, 1 、 哔咔哔咔 漫画 是 一 款 手机 看 漫画 的 app ， 界面 做 的 非常 的 漂亮 ， 每天 都 会 更新 不同 的 东西 ； 2 、,讓,"你 可以 輕鬆 看到 不同 的 本子 , 紳士 必備 ， 欢迎 下载 使用 ； 3 、 如果 安裝時 出 現問題 ， 請紳 士們 留言 通知 我 們 。 "
old3.com, 為什 麼 不 能,讓,校友 直接 把 留言 放上 留言 本 . 
unionpedia.org, 中國人 自 明朝 開始 就 移居 海外 ， 也,讓,各 國 的 「 華人 」 問題 更加 複雜 。 
boxun.com, 现在,讓,我 們 悼念 死 於 仇恨 和 暴行 的 無辜 犧牲者 ， 願 他 們 安息 。 ” 
darmo-cc.net, 讓我 想到 最近 1/8 、 3 / 7兩 次 的 陶藝 ， 都,讓,我 很 感恩 ， 有主 神 hold 住 安全 ！ 
aoboo.com, 突然 恨透 了 一切 `,讓,我 就地 躺下 默默 倒 數 生命 的 終結 . 
huashangbao.com, 他 相信 ， 正 是 因 為 美国 砸 錢救市 ， 才,讓,全世界 躲 過大蕭條 。 
blogspot.com, 全馬 有 許多 的 例子 可,讓,各位 參考 。 
tianya.cn, 沒有經過兩 代 人 以上 的 融合 ， 或者確 定統 治 沒 多 大 問題 了 ， 老共 會 放心 在 統一 後 ，,讓,台灣進 一 步 工業化 ? 
tianya.cn, 沒有經過兩 代 人 以上 的 融合 ， 或者確 定統 治 沒 多 大 問題 了 ， 老共 會 放心 在 統一 後 ，,讓,台灣進 一 步 工業化 ? 
docsplayer.com,"解釋 , 萬達 商業 有 別於 一般 的 房地產 公司 , 固定 租金 業務佔 年 該 公司 過 去 兩 年 的 淨利潤 超 過 30% , 每 年 錄 得 5.2% 增長 , 故 不 能 用 房地產 公司 的 方式 估值 , 市值 還低於 淨資產 , 這種 低 估值",讓,"我 們無法 忍受 他 又 指 , 以前 朋友 跟着 他 投資 , 每 一 單賺 着 很 開心 , 唯一 這 一 單 ( 萬達商業 ) , 跟着 我 的 朋友 虧錢 了 因此 他 認為 , 不 能 對不起 朋友 和 股東 , 故 一定 要 進行 私有化 萬達"
yilebo.com,,讓,他 們再回來 ， 「 去想怎 麼對 客人 好 一 點 ， 但 他 則是 不 斷 思考 如何 改進 ， 甚至 放棄 ， 浦汇 官网 。 
gzmama.com,//ena.**/viewthread.php?tid = 1255&extra = 護髪 防脫 精華 洗髪露 是 採用 中 草藥 固 髪 配方 中 加入 護髪 防脫 成份 ， 令 經常性 脫髮 ， 不明 原因 長期 脫髮 者 及 女性 孕期 脫髮 者 ， 哺乳期 脫髮者 ，,讓,他 們 使用 我 們 的 產品 能 得到 滿意 的 效果 。 
saydigi.com, 我 家 老大 比 您 的 小 公主 大 一 歲 ， 我 一直 在 想要,讓,她 幾歲開 始學琴 ～ 鋼琴 . 
mingzw.net, “ 九十年 之中 ， 他 甚至 不,讓,他 的 妻子 死 ， 正常 病死 也 不 成 ， 就 這么 一直 囚禁 著 。 
39dn.cn, 非主流 QQ 个人 说明 资料 ： 不 想,讓,自己 旳過 去 變成 空白 
tianya.cn, @ 阿靚說 2017-06-0808:55:13 最,讓,我 佩服 的 是 ， 中國大陸 的 每 個階 段 目標 ， 似乎 都 能 如期 實現 。 
tianya.cn, @ 阿靚說 2017-06-0808:55:13 最,讓,我 佩服 的 是 ， 中國大陸 的 每 個階 段 目標 ， 似乎 都 能 如期 實現 。 
tianya.cn, @ 阿靚說 2017-06-0808:55:13 最,讓,我 佩服 的 是 ， 中國大陸 的 每 個階 段 目標 ， 似乎 都 能 如期 實現 。 
cool3c.com, 您 必須儘 早 使用 手機版 網站 ， 進入 APP 搜尋 行列,讓,每 個 人 都 可以 輕易 的 找到 您 ， 創造 商機 ！ 
cool3c.com, 在 這款 《 进击 的 立体 机动 装置 》 中 ， 玩家 需 操控 機動 裝置 ， 只要 輕點牆面 就 會自動拋 出 繩勾 ，,讓,你 移動起來飛 . 
yeeyi.com, 過了會 ， 音乐 的 节奏 一起 ， 一模一样 的 背景 音乐,讓,我 不禁 看 了 看 熒幕 ， 只 見 歌名 是 “ 兄妹 ” ， 原来 这 是 “ 嵗月 如歌 ” 的 国语版 ， 歌词 的 内容 也 改 得 不 一样 了 。 
juexiang.com, … … 這 字眼 、,讓,我 痛徹 （ 心扉 ~ 也许 ， 是 我 不 甘心 这样 的 结局 ， 也许 ， 是 我 还没 学会 释怀 。 
huibo.com, 為 企業 提供 綜合 服務 與實 效解 決 方案 ， 為 商業 注入 文化 基因 ， 植入 夢想 ，,讓,您 的 企業 真正 擁 有 品牌 夢想與忠誠 ， 佔領 心智 持 續 盈利 。 
360doc.com, 然而 你 知不知道 ， 凡是 那 一些 直 得,讓,人 討論 的 事蹟 ， 一般而言 ， 好像 沒 有 依照 科學 的 痕跡 而 創造 出 來 的 ， 都 是 後人 穿 鑿附會 硬掰 出來 的 ， 黃海 懷 的 真誠 是 科學嗎 ？ 
indievox.com, 快,讓,我 在 這 雪地 上 撒點野 - 崔健 
babeijiu.com," 86 引擎開發 的 初期 ， 從 以往 LEVIN/TRUENO 的 客戶 中 分成 了 "" 希望 馬力 增加 "" 和 "" 目前 的 已 經夠 用 "" 的 兩種 意見 ， 最後 因 應多數人 的 期望 及 要",讓,86 現 身 於 賽道 的 使命 ： 加上 當時敗給 日 產TURBO 的 怨念 ， 決定將當時 最 輕 的 A 系列 引擎 加以 修改 ， 最後 的 成果 就 是 4A-GEU 。 
sina.com,證券 単位 変換 单位 换算 外 匯 交易 提供 的 槓杆 比例 單位 換算 遠 大於 期 貨 交易 住宅 ロ ーンシミュレーション 而 股票 市場 要求 的 保證 金則高達 房 貸 房屋 貸款 房屋 貸款試 算 槓杆率 是 一 把 雙刃 劍賺 取較大 利潤 房贷 房屋 贷款 计算 變化 就 可以,讓,您 的 資金 翻 房屋 贷款 计算 市場走 勢 方向 不利於 您 外汇 报价 外汇 交易 可以 給 您 提供 獲利機會 汇率 换算 汇率 查询 第四 市場 的 交易 程式 是 外為 引用 技術 分析 專注 於 對價 格變化 的 分析 外匯 報價 外匯 交易 投資者 分析 歷史 數據 第三 市場
saydigi.com, 要,讓,大家 熟習動畫 的 切換 喔 ! 
chinanano.cn, 网友 ynah 于 2012/12/2111:37:00 发表 评论 你 真的,讓,您 的 演示 文稿 ， 它 似乎 很 容易 ， 但 我 覺 得 這 件 事情 是 真的 東西 。 
39dn.cn, 即使 強顔歡 笑 、 也 要,讓,嘴 角 微微 上 翹ゝ 唱 情歌 、 为什么 我们 唱红 了 眼 。 
39dn.cn, ミ﹏ 我 的 愛只 能 夠 、,讓,你 一 個 人 獨自擁 有 ╮ 高傲 的 我 为什么 一 见到迩 、 我 会 内么 的 不知所错 - 要 知道 ， 你 不经意 的 一 句 话 都 能 使我 落泪 。 
kocpc.com.tw,小红帽 和 狼 外婆 益智 故事 集锦 越 听 越 爱 劳动 ： 蜜蜂 之 家 阿拉伯 民间 故事 ： 一千零一 夜 鞠萍 姐姐 讲 故事 更 多 精彩 内容 请 下捷英社 精心 規劃 的 《 兒童 床 邊 故事 系列 》 ， 是 圖文並茂 的 圖畫 故事 書 ， 希望,讓,孩子 的 啟蒙 閱讀 ， 從經 典 寓言 和 童話 故事 出發 ， 在 ...... 
roodo.com,,讓,我 先 大笑 三 聲 ！ 
meyet.com,走 對現 在 兩支龍 在 鬥 一 支 初生 一 支 老生 老 霸氣 要 如何 周旋 老 組宗 易經乾掛寫 的 清楚 乾屬龍 九三終日 乾乾 夕惕 若 離 九四 或 躍在淵無咎 九五 飛龍 在 天利見 大人 上 九 亢龍 有 悔盈 不 可 久 攻 要 攻 的 漂亮 讓 要,讓,的 有長遠 考量 世人 皆 知 孫子 兵法 殊不知 易 經才 真是 中國老 組宗傳 下寶 中 之 寶 
kocpc.com.tw, 温馨 提示 ， 如果 手机 安装 了 清理 后台 程序 管理 的 软件 ， 當 你 擁 有 了 iPhone 或者 iPodTouch 之後 ， 有 沒 有 想 過給 家裡 的 寶寶 ， 或者 親戚 家 的 寶寶 一 個 好玩 的 應用 ，,讓,孩子 也 體驗 下 新 奇事 務 的 科技 感呢 ？ 
jsfengchao.com, 当 我们 因为 成功 而 感到 骄傲 的 时候 ， 其实 我们 的 心理 ， 已经 出现 了 问题 ， 未 达到 目的 不择手段 ， 关于 这些 ， 無淚 想要,讓,你 明白 一 個 道理 ， 這個 道理 是 ： 你 認為 你 能 做人 嗎 ？ 
cn-boxing.com, 以下 所 要 傳授 的 方法 ， 就是 教会 你 如何 增加 男性 健康 活力 ，,讓,大家 都 能 身强体壮 、 堅 如 鐵石 、 金鎗不倒 。 
haiboedu.net, Ｒ 让 [,讓,3500 常 用 繁体字 对照表 简繁体字 对照表 ， 绝对 实用 ！ ] 
confucianism.org.my, 个人 在 家庭 也 要 每天 作 “ 礼拜 ＂ ， 作 “ 礼拜 ＂ 可以,讓,信徒 堅强 信念 ， 可以 改變 狠 惡 的 心 。 
pil.tw," 不用 灰心 ， 我 們 有 神奇 的 SPA , 現在 就 施展 魔法 ，",讓,女孩 從醜 女 變回 美女 ！ 
yimaneili.net, 首先 ， 祂許 可 約伯 的 牲畜 被 擄去 ， 又,讓,他 的 羊群 被 燒滅 ， 跟 著 他 的 儿女 們 也 死去 了 。 
xiansuan.com,一新 ， 誰 也 搶 不 走 你 的 光彩 ， 好好 的 把握 住 这 两 天 ， 在 大家 矚目 之下 盡情 的 展現 你 的 才華 ， 好好 的 表現 自己 ， 不用 再 退縮 ， 積極 的 用 行 動來 證明 自己 ， 同 時 也 可以,讓,周遭 的 人 對 你 更加 的 了解 ， 相信 這 些 舉動 ， 將會 有 意想不到 的 收獲 。 
ci123.com, 芥藍 、 莧菜 、 黑芝麻 等高 鈣 食物 ， 但 記得 芝麻 要 咬碎 ， 才 能,讓,其中 的 鈣質釋 放出 來 。 
woeser.com," 胡锦涛 在 日本 回答 華文 学校 小学生 的 提问 , 为什么 要 当 国家 主席 时 答到 : 「 我 本人 沒 有 想 當 主席 ， 是 全 國 人民 選 了 我 ，",讓,我 當 主席 。 」 
chinasmile.net," 反正 毛 已 經被 制作 成 "" 標本 "" 了 ， 还是 多功能 的 ， 一 ， 可以",讓,你 們毛 左 們 膜拜 。 
chinasmile.net, 二 ， 可以,讓,"别人 指骂 --------------- 越是 歇斯底里 的 咒骂 , 越是 歌颂 了 毛 的 伟大.三 ， 説不定 那 天 又 可以 讓人 有 屍 可以 鞭 。 "
unionpedia.org, 當時 來說 ， 能,讓,孩子 上 他 的 教育 課程 者 均 為 有 錢 有 權 之 父母 。 
literature.org.cn, 他說 ， 他 希望 在 中国 建立 这样 一 所 博物館 ， 里面 能 蒐集 欧洲 各个 世紀 全部 优秀 的 绘画 的 摹本 和 雕刻 的 复制品 ，,讓,中国 青年 能够 知道 全世界 的 艺术 。 
xuehaiblog.com, 书名 ： 望江南 作者 ： 蝴蝶 seba 价钱 ： （ 正 ） RM21.00 （ 反 ） RM12 ~ RM 14 出版社 ： 雅书堂 简介 ：,讓,穿越 古今 的 蝴蝶 效應 ， 跟 著 Seba 邪佞 的 手指 ， 一起 認真惡 搞 穿越 文 ！ 
newwise.com, 可,讓,投手 體力 消耗 減少 、 控球力 提高 。 ） 
tianya.cn,"<s> ---------------------------------------------------------------------- 發明 和 創意沒 有 必要 限制 在 高科技 , 也 許 就 是 這些小發 明和 小創意 ,",讓,"你 致富 , 改變 你 的 人生 . "
babeijiu.com, tw/product/html/68/顛覆傳統 大富翁 《 大富翁 與小 富婆 》 擺脫買 地 蓋 房子 的 老 舊玩法 ， 加入 經營網 路 商店 的 遊戲 模式 ，,讓,你 在 玩遊戲 的 同時 也 能 ... 
13fen.com, 黃色 粉底亞洲人 的 膚色 偏黃 ， 適合 使用 自然 的 黃色 粉底 ， 可以,讓,皮膚 看 起來 比 較透明 。 
tianya.cn, ----------------------------- 先不 要 用 回歸 祖國 大陸 的 政治 語言來起頭 ， 若問 ： 最 能,讓,自己 發揮 的 地方 在 哪裡 ？ 
tianya.cn, -----------------------------,讓,任何 一 人 不 敢 說話 ， 若是 政府 ， 那 是 獨裁 ； 若是 沒 有 公權力 的 一般 人 ， 就是 民粹 。 
ehouse411.com, 對於 想,讓,孩子 留學 寄宿 ， 單親 陪讀 ， 升學 就業 指導 ， 移民 置業 ， 安居 找 工作 ， 加拿大 房地产 经纪 SandyLiu 都 可以 盡心盡力為 您 安排 。 
sfacg.com, 曾經熟識 的 親人 朋友 如同 白 紙 一般,讓,我 感到 陌生 ， 卻只有 一 個 人 ， 她的 出現讓 生活 開始 有 了 色彩 —— 然而 ， 那個人 ， 你 還會記 得 我 嗎 。 
i4i3.com, 是 你,讓,我 懂得 愛 的 味道 、 是 那么 的 酸澀 。 
qq.com, 各位 叔伯 兄弟 ， 大姐 弟妹 ， 有空 打我 手机 15014075612 ， 不 要,讓,我 這么 無聊 ， 不然 我 会 闷死 的 ， 謝謝 各位 。 
uniow.com,- 忘机 艺术家 : 风潮 唱片 资源 格式 : MP3 发行 时间 : 2001年 地区 : 台湾 简介 : 忘 机 「 忘機 」 是 忘卻心 中 的 觀念執 著 ， 顯現純淨 的 本性 ； 是 除去 一切 緊張 ， 回到 自然 的 本性 ； 是 拋掉 所有 的 心機 ，,讓,心靈 完全 沒 有 壓力 。 
uniow.com, 因為 ， 過度 的 思慮會 造成 情緒劇 烈 的 起伏 ， 容易,讓,人 體內 的 氣機 停滯 、 淤塞 ， 破壞陰陽 和諧 ， 導致 生病 。 
arms-cool.net,#ERROR!,讓,我 們 中國人 見識 您 的 偏頗 而已 ！ 
voc.com.cn, 非常 感謝 你们 对 海外 侨胞 的 邦助 ， 使 我 获得 公道 ， 也,讓,不老实 的 商家 得到 教訓 ， 下 不 為列 。 
mipang.com,"药王 ” 孙思邈 为 寻 济世 之 良药 、 医病 之 百 草 ， 萍踪 踏遍 年夜 江 南北 、 长城 内外 ， 一 路 寻访 到 通渭 温泉 , 竟 被 此地 泉 在 山涧流 ， 鹿 在 林中游 ， 百 鸟 空中 飞 、 樵夫 画 中行 的 美景",讓,他 流連忘返 ， 便 在 泉边 搭起 茅屋 ， 住了 下 來 。 
pixnet.net, ( PS : 不 是 搖頭 是,讓,我 笑 到 流眼淚 ) 
yimaneili.net, 保罗 把 外邦 信徒 提多 带到 耶路撒冷 这个 犹太 基督徒 的 大本营 ， 却 没有,讓,他 受 割礼 ， 表明 保罗 传扬 因信 称 義 福音 的 勇气 和 决心 。 
yimaneili.net, （ 罗 12：17-19 ） 但是 ， 在 关乎 福音 的 原则 问题 上 ， 保罗 是 寸步 不,讓,的 。 
xiaobingcn.com, “ … … 只想 牽牽 她 的 手 ，,讓,她 默默地 跟著 我 走 ； 只 因 她 是 我 最 親密 的 人 ， 即使 我 被 歲 cХ ? 
u148.net, 回复 ： cyndihe&gt ; 你 不 知道 你,讓,我 感到 多 麼 的 被愛 。 
chinainperspective.com, 雖然 工人 農民 也,讓,他 不太 放心 ， 但 他 還是 可以 在 這 方面 做 些 調整 ， 增加 几 个 席位 ， 讓 你 看 起來 和 毛時代 稍微 像 一 點 了 ， 不像現 在 全 是 官員 和 老板 。 
chinainperspective.com, 雖然 工人 農民 也 讓 他 不太 放心 ， 但 他 還是 可以 在 這 方面 做 些 調整 ， 增加 几 个 席位 ，,讓,你 看 起來 和 毛時代 稍微 像 一 點 了 ， 不像現 在 全 是 官員 和 老板 。 
rayli.com.cn, 还 亲身 感受 到 非常 傳統 的 伊斯兰教 传统 婚礼 仪式 ， 挺 神圣 的 ～ 新娘 跟 新郎 的 新婚 物品 純粹 得,讓,人 喜愛 。 
39dn.cn, 離別 太 多 ， 還來 不 及,讓,你 我 分清 彼此 。 
unionpedia.org, 1984年 與 妻子 施南生 组建 电影 工作室 ， 凭 《 英雄 本色 》 、 《 倩女幽魂 》 、 《 黃飛鴻 》 等 片 蜚声 海内外 ， 終結 了 舊 港式 武打片 ，,讓,包括 成龍 在 內 的 電影 公司 很 長 一 段 時間 不 敢 拍 古裝武打片 ， 为 香港 电影 开创 了 新 的 时代 。 
mobileai.net, 雖然網路 的 進步,讓,"有些 日本 節目 在 網路 也 能用 各 種 方式 收 看到 , 但是 沒辦法 有 即時性 及 . "
somdom.com, 夜 青花 ： hjortron : 我 宿舍 是 有 限制 ， 網速 似乎 也 慢 得很 ； 學校 哪 敢,讓,我 們 打通霄 的 呀 ! 
6park.com, 正是 因 為 日本 皇軍 佔領 了 大半 個 中國 ，,讓,我 們 建立 了 許 多 抗日 根 據地 ， 為以後 的 解放 戰爭創 造 了 勝利 的 條件 。 
ohqly.com, 戴 得樂 安全套 ， 健康 又 安全 ，,讓,你 戴 的 放心 … 湘桥 其他 用品 95 成 新 个人 转让 化妆品 戴 得樂 安全套 ， 健康 又 安全 ， 讓 你 戴 的 放心 ， 需要 的 聯 
ohqly.com, 戴 得樂 安全套 ， 健康 又 安全 ， 讓 你 戴 的 放心 … 湘桥 其他 用品 95 成 新 个人 转让 化妆品 戴 得樂 安全套 ， 健康 又 安全 ，,讓,你 戴 的 放心 ， 需要 的 聯 
cool3c.com,之 檔案與內 容均 使用 防毒 軟體掃 描確認 安全性 ， 並堅 持 三 無 原則 ， 無 病毒 木馬 ( 零 誤判免 更 換 防毒 軟體 ) 、 無多重 跳 轉下載 頁面 ( 欺騙讀 者 誤點 廣告 ) 、 無需 任何 費用 ( 自由 下 載 不 需 付 費 ) ，,讓,大家 能 享受 更 安全 . 
boohee.com, .. ） 目标 ： 56KG （ 标准 ） * * 不 想 輸 、 就 要,讓,自己 、 變強 、 
hbgxhr.com," 男人 知道 ， 女人 的 爱情 ， 离 不 开 承诺 ， 没有 承诺 ， 就是 没有 将来 24 最 好 的 丈夫 , 是",讓,妻子 享盡 榮華 富貴 的 丈夫 。 
china-week.com, 我 也 认为 這只是 個惡 劣 的 刑事 事件 ， 也 觉得 有些 人 借机,讓,它 政治化 。 
kocpc.com.tw, 《 2 句 話 恐怖 故事 》 短短 的 幾句 就,讓,你 毛骨悚然 ...|點 我 一下 分享 無價 非常 非常 吓人 的 短篇 鬼 故事 。 
hbgxhr.com, 也,讓,我 們這 些 演員變 成 了 很有愛 的 朋友 所以 希望 大家 支持 和 喜歡 ！ 
bskk.com, 我 觉得 他们,讓,我 这么 做 不 好 ， 所以 我 就 不 再 跟 他们 联系 了 。 
runsky.com, 真正 正 統 中 醫學 在 治療 感冒時 ， 最 常使 用的 處方 我 幫 大家 歸納 一下 ，,讓,大家 都好記 ， 也 都 會 使用 。 
kocpc.com.tw, 這兩 天 我 在 網 路上 逛街 時 ~ 就,讓,我 找到 一 款 大概 只有 日本 朋友 才 能 享受 的 找廁 所 App...... 
gzmama.com, 各位 媽媽 有 什么 高招 ， 現 在 這种 情況給 宝宝 做 什么 好吃 的 可以,讓,他 快點好 起來 ， 不 再 老是 反复 生病 哦 ？ 
kocpc.com.tw, 這款 超可愛 的 松饼 塔 堆 堆 乐 《 PancakeTower 》 可以,讓,你 滿足 一下 堆 鬆餅 塔 的 趣味唷 ！ 
bigsound.org, ＝ ＝ ＝ ＝ ＝ ＝ ＝ ＝ ＝ ＝ ＝ ＝ ＝ ＝ ＝ ＝ ＝ ＝ ＝ ” 我 也 當 你 是 兄弟 ， 就 因 為現實 太 殘忍 了 ， 所以,讓,你 的 兄弟 換個 不 那 麼殘 忍 的 現實 吧 ！ 
bigsound.org, ” 你 又 忘 記 回答 是 什麼 原因,讓,你 一直 要 把 這些 東西背 在 身上 的 了 ？ 
cool3c.com,<s> 敬请 期待 【 免費 APP - 应用 商店 APP 試玩 不用錢 】 交通 運輸 APP 試玩 - 应用 商店 应用 商店 APPLOGO 每 次要 從 fb下載 APP 或 Line 要 拿 點數 按下 載遊戲 它 都 直接 到 小米 應 用 商店 然 後 又 不 給下載 ， 我 想 要,讓,它 到 googleplay 商店 這樣 要 怎麼 設定 ？ 
itpub.net," 答 ： 目的 : 緊跟 技術 潮流 , 不",讓,"自己 落後 , 搶 占 先机 , 佔領 市場.優勢 : 資金 , 研發 , 客戶 群 三 大 優勢 . "
kocpc.com.tw, 到 了 快 結婚 的 日子 ， 老王 后 把 一切 都 打點 好了 ，,讓,她 啟程 去 王子 所在 的 國家 。 
xuehaiblog.com, 為什麼 老人 上 車小華 不,讓,他 坐 他 的 位置 ? 
rayli.com.cn, # 朵 唯 自 拍 神器 S2# 我 投票 给 Lucky ， 本人 覺 得 她 拍 的 照片 都 很 清晰 ， 而且,讓,她 整 個 人 瞬间 容光 焕通 過 照片 可以 以 看出 朵 唯 自 拍 神器 真的 非常 好 ， 是 一 款 功能 很 強大 的 自拍 神器 ， 有 了 它 就 能 轻松 拥有 美颜 照 。 
rayli.com.cn, 参与 投票 赢朵 唯 自 拍 神器 S2 】 投票 活动 ， 选择 的 答案 是 Lucky 代表 标准 版#朵唯 自 拍 神器 S2# 我 投票 给 Lucky ， 本人 覺 得 她 拍 的 照片 都 很 清晰 ， 而且,讓,她 整 個 人 瞬间 容光 焕通 過 照片 可以 以 看出 朵 唯 自 拍 神器 真的 非常 好 ， 是 一 款 功能 很 強大 的 自拍 神器 ， 有 了 它 就 能 轻松 拥有 美颜 照 。 
auyou.com, 抵达 沙美島 後 你 可換 上 你 最 靚麗 的 泳裝 ， 我 們亦 体貼 的 准备 了 躺椅,讓,您 做做 日光浴 ， 吹吹 海風 ， 享受 悠閒 的 海島風光 ， 放松 自我 ﹑ 忘掉 一切 世俗器 ， 盡享這 世外 桃源 給與 的 難得 假期 。 
hexie.org.cn, 笔记本 电脑 双肩 背包 评价 : 後 來 店家 主 動打電 話過來 ， 也 沒 一直 強調說 改 評論 ， 態度 是,讓,我 把 包包 寄 回去 ， 換一個過來 ， 這種 態度 是 我 比較欣賞 的 。 
fashionpai.com, 怪 你 ， 是 你,讓,他 們 一 家 分開 的 ？ 
blogspot.com,,讓,蘑菇 再 爆 一 會 。 
bjqyw.com, http : //www.heiliang.net/touxiang/QQ 头像 2012 繁体字 的 QQ 伤感 个性 签名 大全,讓,未 來到 來° 讓過 去 過 去 ∝ 承诺 ｛ 洅媄 . 
shrca.org.cn, 一 台 精心 准備 的 文艺 節目 ， 一 碗 熱氣騰騰 的 湯圆 ，,讓,那些 獨居 在 小區 内 的 空巢 、 孤寡老人 熱淚 盈眶 ， 倍感 温暖 。 
linlins.com,蹬脚 ， 蹬破 被裡 ， 而 大雨 又 整天整夜 下 的 不停 ， 杜甫 他 家 整個家 的 房子 都 是 漏 的 ， 儘管 如此 ， 杜甫 他 仍然 是 憂国憂民 ， 从 安史 战乱 ， 为国为民 擔憂 ， 輾转 难眠 ， 现在 屋 漏 又 逢 连 陰雨 ，,讓,他 的 舖盖 行李 整个 一 个 湿漉漉 ， 潮呼呼 ， 讓 他 怎么 能 睡 呢 ？ 
linlins.com,， 杜甫 他 家 整個家 的 房子 都 是 漏 的 ， 儘管 如此 ， 杜甫 他 仍然 是 憂国憂民 ， 从 安史 战乱 ， 为国为民 擔憂 ， 輾转 难眠 ， 现在 屋 漏 又 逢 连 陰雨 ， 讓 他 的 舖盖 行李 整个 一 个 湿漉漉 ， 潮呼呼 ，,讓,他 怎么 能 睡 呢 ？ 
linlins.com,是 杜甫 的 伟大 理想 ， 他 说 : 假如 他 有 一 片片 的 高楼 大厦 ， 他 会 叫 天下 的 贫寒 的 窮苦人 住 进来 ， 狂风 暴雨 袭来 ， 稳如泰山 ， 如果 有 一 天 他 看到 了 这些 高楼 大厦 ， 他 那怕 自己 的 房子,讓,大风 刮破 ， 他 被 冻死 ， 也 心满意足 心甘 情願 。 
shrca.org.cn, 就是 这份 特殊 的 護理 計劃 加上 她 的 真情 付出 ，,讓,她 得到 了 每 一 位 老人 的 認可 。 
verywed.com," 記 得去 到 Judy 一定 要 找 Apple , 她 的 服務 一定",讓,你 滿意 。 
bqpu.net, 煙波 水淼 发表 于 2016-1-707:55 有 時候 真的 覺 得 聖母 行爲 是 人類 的 一 種 自然 天性 ， 大自然 的 目的 是,讓,不同 的 民族 可以 有 機會 融合 ， 如果 一 開始 就 不 ... 有 了 宗教 民族 之分 ， 你 说 的 这些 都 无法 避免 。 
shrca.org.cn, 起初 她 對这門 技術 一 巧 不通 ， 只 想,讓,老人 舒服點 ， 痛苦 緩 解點 ， 但 好学 的 她 又 請 教了 专业 医生 ， 掌握 了 一 點 按摩 的 方法 ， 當聽見 老人 說 病情 好转 多 了 ， 章玉娟 盡管手 已 經 又 酸 又 痛 ， 汗水 浸濕 了 衣服 ， 每次 按摩 完 後
39dn.cn,"５ 步 ` loadīnɡ...99％ ▉▉▉▉▉▉請 稍候 ， 加载 中 … 、 , ﹣﹫ 、 ˊ╲╲┛┛------------------------------------------ 這幸福 真的 好 短暫 , 或 許莪該 努力 抓住 不",讓,"它 逃走 , 可是 莪確選擇 了 逃避 , 對不起 , 為 了 這份愛 , 莪真的 狠 努力 了 , 莪累了 , 真的 . "
kocpc.com.tw, 疾风 航行 APP 玩 不用 錢 疾风 航行 玩免 錢 App 疾风 航行 APPLOGO 疾风 航行 A 台灣 NiceGame 遊戲 中心 ， 一起 呼朋喚友 玩遊戲 ， 提供 最新 最 好玩 的 線上 遊戲 ，,讓,朋友 們 可以 一起 在 平臺 上 玩 遊戲 。 
kocpc.com.tw, 這個應 用 程序 為 您 提供 高清 畫質 的 照片 一 個 超 級 集合 ，,讓,您 的 可能性 ， 一些 驚 人 的 ， 冷凍 的 背景 進行個性 化設備 的 主 屏幕 。 
yournet.cn," 虽然 现今 很多 人 說 这 是 一 个 敏感 的 話題 , 但 我 不 愿",讓,国人 忘 記 我们 的 烈士 。 
yournet.cn, 战 后 很多 人 都 說 为什么 要 在 反击战 中,讓,坦克 部队 在 这 种 不利 的 地方 出击 ？ 
kocpc.com.tw, WwwStockbrazilonline.comYou 福西崇史 24 hentai - 维基百科 ， 自由 的 百科全书,讓,我 們 回到 石器 時代 ， 看看 原始人 如何 在 自然 和 恐龍 下 生存 ， 你 的 任務 是 控制 原始人 利用 手上 的 石頭 、 迴力 刀 等 武器 ， 獵殺 恐龍 ， 挑战 森林 之王 ， 好好 地 感受 遊戲 帶給 你 最 刺激 的 生存 挑 戰體驗
hbgxhr.com, 燭光 晚餐 、 他 花 心思 為 你 做 的 一切 、 那些 甜到 心碎 的 情話 、,讓,你 鼻酸 的 感動 . 
kocpc.com.tw, 星刻 的 龙 骑士 01 话 - PP 动漫 窝,讓,我 們 回到 石器 時代 ， 看看 原始人 如何 在 自然 和 恐龍 下 生存 ， 你 的 任務 是 控制 原始人 利用 手上 的 石頭 、 迴力 刀 等 武器 ， 獵殺 恐龍 ， 挑战 森林 之王 ， 好好 地 感受 遊戲 帶給 你 最 刺激 的 生存 挑 戰體驗
kaytrip.com, Yu**一行 1 人 参加 13.09.2015-17.09.2015 （ FPA 130915 ） 的 遍游 西欧 好评 : 梁導對 各 個景點 非常 熟悉 且 講解 的 很 好 ， 並不時穿插 小 故事 介紹 各 景點 典故 ，,讓,我 們 印象 深刻 也 更加 了解 ， 非常 親切 ， 值得 推薦 的 好 導遊 ！ 
kaytrip.com, Wang - Schmidt * * 一行 1 人 参加 22.05.2015 - 30.05.2015 （ KYPX 220515 ） 的 德国 开元 欧洲 中文 导游 培训班 好评 : 你 好 開源 ， 我這次參加 你 們的學習班 ，,讓,我 感到 我 的 導遊 老 師們 是 那 樣盡心盡責 ， 靜心 細緻 ， 還有 他 們知識 的 淵博 和 給 我 們 耐心 的 講解 ， 讓 我 們 在 這幾 天內鞋 到 了 很多 東西 。 
kaytrip.com,- 30.05.2015 （ KYPX 220515 ） 的 德国 开元 欧洲 中文 导游 培训班 好评 : 你 好 開源 ， 我這次參加 你 們的學習班 ， 讓 我 感到 我 的 導遊 老 師們 是 那 樣盡心盡責 ， 靜心 細緻 ， 還有 他 們知識 的 淵博 和 給 我 們 耐心 的 講解 ，,讓,我 們 在 這幾 天內鞋 到 了 很多 東西 。 
cnpsy.net, 建議 你 握有 權力 時 ， 要 當個 仁者 ； 當 你 是 輕鬆 自在 的 小人物 時 ， 要 懂得 安排 自己 的 生活 ，,讓,自己 過 得 精彩 。 
tompacking.com, .....----------------------------- 道歉 可能 會 造成 認知 錯亂 ~ 不 是 道歉 不好 ~ 而 是,讓,她 認為 我 只要 堅持 抗爭 ~ 就 可 得到 我 想 要 的 而不會去體諒 父母 的 心情 ~ 造成 認知 偏差 ~ 
gy108.com, 刘世伟 发表 于 2012-12-30 20:33 你 這么 好斗 啊 ， 從 你 的 字 沒 看出 來 呢 ， 明天,讓,老 師 跟 你 洗洗 腦先 開 玩笑 ， 別在意 哦 。 
adj.idv.tw, ✤,讓,"我 在 Line , Facebook , 微信 , Whatsapp , Viber , MessageMe , KaKaotalk , ChatOn 聊天 時 用 可愛 字形 SayHello ~ "
haku.com.tw, 如果 以上 兩個問題 ， 你 的 答案 是 肯定 的 ， 這 就 是 你 一再,讓,我 鄙視 的 地方 ！ 
loveq.cn, 樓下 … … 怎么,讓,射手座 花心 一 點呢 ～ 本 射手 太 專 一 了 ～～～～～～～～～～～～～～babysnake 发表 于 2009-2-26 00:25 
ci123.com, 老师,讓,我 們學習 易经 ， 易经 是 圣人 教 我们 如何 趋吉避凶 的 ！ 
gushidaoli.com, 励志 个性 说说 心情 短语 1 、 現實 慢慢,讓,我 感受 到 了 真實 的 世界 。 
sto.cc, 各位 看官 可能 要 問 ， 怎么 啥 好處 都,讓,主角 碰到 ， 有 這么 好 的 事么 ？ 
crazys.cc, 這时候 小茜 坐在 我 的 右侧 ， 她 今天 穿 了 一 件 米色 的 短袖 圆领衫 ， 并且 还 有 一 件 短短 的 裙子 ，,讓,我 几乎 可以 看见 她 的 内裤 ， 我 这 时候 有些 心猿意马 ， 不时 地 藉故 与 她 聊天 ， 转头 去 偷看 她 的 身材 。 
crazys.cc,家里 的 缘故 ， 所以 没有 穿 内衣 和 胸罩 ， 我 可以 看到 乳沟 以及 乳房 的 小 部份 ， 再 闻到 她 身上 所 传过 来 的 阵阵 香味 ， 我 的 下 半身 已经 渐渐 地 不 听 使唤 ， 急 欲想 突破 我 裤子 的 束缚 ，,讓,我 相当 地 不自在 。 
crazys.cc, 虽然 我 依然 在性 头上 ， 但是 看见 这样子 ， 我 也 只好 强忍 欲火 ，,讓,她 好好 地 休息 。 
crazys.cc, 「 好人 … … 親哥哥 … … 以 後 如果 … … 我 妹妹 没有 … … 辦法 … … 满足 你 的 话 … … 随时 来 肏 我 … … 我 一定,讓,你 肏個爽 … … 喔喔 喔喔喔 … … 啊 啊啊 … … 嗯嗯嗯嗯 … … 好 爽喔 … … 喔喔 喔喔喔 … … 啊 啊啊 … … 嗯嗯嗯嗯 … … 爽毙 啦 … … 好 爽喔 … … 啊 … … 」 
i4i3.com, 因为 我 爱 你 了 别在 我 转身 后来 追 我 〆 你 在 我眼裏 只是 是 過去╮迩 可 不 可以 跟 俄 说 对不起 我 只 想 對 你 說╮ 你,讓,我 窒息 ら愛 你 死去 活來 的 人 是 我人越 伤 越 冷淡 更 怕 寂寞 〆 世界 真 混乱 ， 我 迷路 了 〆 浅笑 高雅 的 卑微 〆 山盟 海誓 亦 会 分开 倒霉 蛋 小姐 不 是 分开 就 不 再 爱 。 
gogodutch.com, 瑜伽 是 我 們通 向 內心 世界 的 旅程 ，,讓,我 們 有意 識地 連 接到 本源 和 最 真實 的 自我 。 
crazys.cc, 我 走到 嫂嫂 背后 ， 说道 ： 「 嫂嫂 ，,讓,我 来 帮帮 你 吧 ！ 」 
crazys.cc, 嫂嫂 又 再一次 看见 我 这 副 失魂落魄 的 模样 ， 忍不住 说道 ： 「 军 ， 你 又 这样子 看 我 了 ， 你 再 看 ， 我 就 不,讓,你 進 来 了 ！ 」 
ly.com, 走入 陽台 ， 眼前 山 巒 起伏 的 美景 更,讓,人心 曠 神怡 。 
nb-kangfa.com, 美乳 女神 火辣 身材,讓,人流 鼻血 ， 尤物 要 搞到 精盡 
kocpc.com.tw, 1990年代 ， 飽受 內戰 及 社會動亂 之 苦 的 獅子山 共和國 ， 命運 安排,讓,南非 . 
cnmsl.net, 嘛 ， 豆腐 提拔 全 控 的 理由 是 要 制衡 電子眼 ， 而 不 是,讓,他 取代 電子 眼當 下 的 位置 。 
baike.com, 行家 ： 闻泽 时间 ： 2012年 04月 10日,讓,那些 並非 意欲 成 為 爵士 樂手 、 只是 想 增加 對音樂 的 認識 以便 在 欣賞時 有所 幫助 的 人 也 能 受用 。 
bhxww.com, USB 超迷你 吸塵器 ， 結合 了 照明 燈 和 強大 的 吸力 USB 供電 插頭設計 ，,讓,它 不用 再 另外 裝 電池 ! 
sinovision.net,"着 成千上万 好奇 的 游客们 进入 各 个 港口 , （ 图二 ） 那天 我们 坐 巴士 从 （ Skagway ） 史凯威 出發 到 （ Yukon ) 育空 , 加拿大 的 一 个 城市 , 一路上 重峦 叠嶂 ， 悠悠 白云 ， 晧白 雪山 ， 清澈 碧波 的 湖水 倒影 ，",讓,人 心旷神怡 。 
peacehall.com, 他 又 寫道 ： “ 我 在 有形 的 監獄 中 服刑 ， 你 在 無形 的 心獄 中 等待 ， 你 的 愛 ， 就是 超越 高牆 、 穿透 鐵 窗 的 陽光 ， 扶摸 我 的 每 寸 皮膚 ， 溫暖 我 的 每 個 細胞 ，,讓,我 始終 保有 內心 的 平和 、 坦蕩與 明亮 ， 讓獄 中 的 每 分 鐘都 充滿 意義 。 
peacehall.com, 而 我 對 你 的 愛 ， 充滿 了 負疚 和 歉意 ， 有 時 沉重 得,讓,我 腳步蹣跚 。 ” 
nb-kangfa.com, 起 屁股,讓,我 猛 插 高清國 語超 淫對 上 半 年 P2P 网贷 成交额 9706亿 元 3 个 月 新增 问题 平台 253 家 
kocpc.com.tw," 获得 奖项 和 你 的 结果 与 你 的 朋友 进行 全新 美心 西餅 APP ,",讓,"你 隨時隨 地 選購 多 款 熱賣 蛋糕 , 您 可以 360 度 查看 3D 造型 系列 蛋糕 , 一 機 在手 , 即 時閱覽 心愛 蛋糕 。 "
juxian.com.hk, 喜 神 官 强 ， 为人 自重 守法 ， 官印 相生 ， 注重 个人 行为 操守 ， 奉公守法 ， 会 压抑 欲望 ， 不,讓,别人 发觉 。 
twforum.com, 仁义 道德 和 金钱 的 关系 是 一码事 ， “ 全 世界 的 知識份子 都 有 義務 去 牽制 中國 ，,讓,中國領導 人 有 受 監督 的 機會 ” 又 是 另一码事 了 ， 从 一 个 棒子 嘴里 说 出来 更 是 另一码事 。 
williamlong.info, 基本法 研究 中心 主席 胡漢清 會見 港 澳 辦 法律 司 司長 ， 爭取 「 解封 」 中 英 聯 合 聯絡 小組 有 關 居留權 的 協議 文本 ，,讓,港府 確認 《 基本法 》 的 立法 原意 ， 只有 當 父母 至少 其中 一 人 為 港人 時 ， 在 港 出生 的 子女 才可擁 有 居 港權 。 
bqpu.net," miaomiaomiao 发表 于 2012-12-20 13:54 "" 加上 在 「 雄風二Ｅ 」 型 巡弋 飛彈獲 得 的 引擎 輕 量化 及 體積 微形化 成果 經驗 ，",讓,中程 地對 地 飛彈 所 使用 的 衝壓 引擎 . 
uniow.com, 绲那 锩铰 飞蠠 o 意中 練 得 一 手 出神入化 的 飄移 技術 ， 神乎奇技 的 駕車 技巧 ，,讓,他 在 群馬 地 區贏 得 盛名 ！ 
guppytaiwan.com.tw," 0m , m*P&h+H# \ : X&K 請 教教 我 們 ,",讓,"我 們向 您 學習 , 謝謝 . "
onegreen.net,bu 掉 寂寞 旧人 不提 、 旧情 不 忆 不良 少年 、 切勿 靠近 我们 的 爱 未完 待续 … 佐手 吥離佑 手吥弃 看 不 穿 世间 的 险恶 街 荱旳吶 對↘ 狗 男女 罂粟 ︶ 美 得 不 可 壹世 １ 顆心 只 爲迩 空 著 〃 妳 怎麽 舍得,讓,我 輸 小姐 ， 给 个 kiss 好么 男人 不 懂 月经 的 痛爲愛 而 執著 的 瘋子 回憶 、 最美 卻 最 傷人 信任 只 会 换来 背叛 若 我 離去﹌後會無期 ( 更新 日期 ： 2014-3-8 ) 
docsplayer.com,"遭受 著 怎 樣 的 摧殘 啊 而 這一切 都 是 他 自願承擔 的 , 就是 爲 了 拯救 我 們這 些 罪人 脫離 永遠 的 刑罰 化療 之 苦 與十字架 之 苦 , 無論從 任何 意義 上 都 是 不 能 相 提並論 的 , 但是 神這樣 提醒 我 ,",讓,"我 知道 其 實人間 的 任何 肉體 和 精神 之 苦 , 主 耶穌 都 為 我 們嘗 到 了 極致 我 們所 忍受 的 , 沒有 一 樣 是 沒有經過 神 允許 的 , 就 在 這一切 的 苦難 之中 , 神 必定 看 顧帶領 , 讓 我 們 忍受"
docsplayer.com,"提醒 我 , 讓 我 知道 其 實人間 的 任何 肉體 和 精神 之 苦 , 主 耶穌 都 為 我 們嘗 到 了 極致 我 們所 忍受 的 , 沒有 一 樣 是 沒有經過 神 允許 的 , 就 在 這一切 的 苦難 之中 , 神 必定 看 顧帶領 ,",讓,"我 們 忍受 得 住 當 我 們 定睛 十 架上 , 個人 的 痛苦 真的 似乎 已 經 不 那 麼 令 人 難 以 忍受 了 不 信 的 人 會說 , 你 這精神 轉 移 法還不錯呀 但是 , 這 不 是 一 種 心理 上 的 轉移法 ,"
docsplayer.com,", 而是 神 在 當時 真真 實實 的 帶領 和 安慰 神 的 話語不僅僅產 生 精神 力量 , 他 也 神奇 地 改變 真實 的 處境 化療 所 帶來 的 皮肉之苦 , 恰到 好處 地 使我 不 能 專注 與 自己 , 而是 逃 也 似的 奔向 我 們 的 救主",讓,"自己 的 心 浸泡 在 神 真理 的 話語裏面 , 那 刻骨銘心 的 折磨 漸漸 淡化 , 四 個晝 夜過後 , "
blogkaki.net, 呵呵 ， 動感 的 蒙娜丽莎 ， 也,讓,我 學生們 都 留下 深刻 印象 了 ~~^^ 
laob.me," 面鏡軟 矽膠 靠 進 嘴唇 部分 做 ” 微翹 ” 處理 , 讓面鏡 裙 側與 面部 更 貼合 ,",讓,排水 更 容易 ， 更 有效 阻止 進水 ! 
blogkaki.net, 從 巴生 去 沙沙 兰是 看 不 到 大 路牌 寫 着 sasaran 的 字 的 ， 要 注意 看 sungaibuloh 的 路牌 ， 在 12月 14日 當天 有 儿童 繪畫 比賽 ， 下午 還有一場講 座 ， 是 馬华 作家 朵拉 主講 ：,讓,孩子 与 藝術結緣 很 适合 家長 和 孩子 們 去 听 。 
sosg.net,的 輝煌 ， 就 不得不 提到 促使 推 協飛躍 的 【 一 姐爭霸 】 了 ， 一 姐爭 霸 雖然 推協 最 終沒 有 獲得勝利 ， 敗于 SOSG 老牌 大 軍 【 水母团 】 但是 成 爲獲 得 第二 ， 展現 的 强大 的 實力 是 不容忽 視 的 ， 甚至,讓,人 一度 認爲 ， 一 姐 比 賽 就 是 推 協 左右 結局 ！ 
mobileai.net," 行動版 - 噩梦 缠身 在 【 癮 科技 App 】 15 筆 1 頁 , 恶梦 缠身 3 Dapp 最 夯 話題 , 老娘 所住 屋宇 同 樣面對 上述 難題 ， 也",讓,我 初次 覺到 警察 偏頗 的 . 
nb-kangfa.com,十 大 核 科技 进展 ” 发布 “ 神龙 二 号 ” 首 度 公开 蔡英文 赴 死亡 船长 家庭 吊唁 ： 眼眶 泛红 但 没 哭 風騷國 模邊 拍 攝邊 和 攝影師 聊 騷 CB 极品妞 ， 我 心中 的 女神 系列 26 [ WMV/119MB ] 美乳 女神 火辣 身材,讓,人流 鼻血 ， 尤物 要 搞到 精盡 人亡 才 能 停 美 尻美穴 写真 ， 诱惑力 十足 ， 收藏 佳品 国产 漂亮 人 妻 边干 边看 原版 高清 ！ 
mfqqx.com, 90 ) ゝ__________ 曾 今 的 甜蜜 ， 卻成 了 現 在 唯一,讓,我 思念 的 痛 、 
taoyiran.cn," 1024 分辨率 跪求 鄙视 拿 种子 就 走 滴人 "" 嫂嫂 晶瑩 細 嫩的 巨乳 ,",讓,我 再 也 克制 不了 . 
roodo.com, 在 書中 的 第五十 回 結尾時 ， 段譽 等 人 看到 慕容覆 坐在 墳頭 上 ，,讓,一 群 鄉村 小孩 朝拜 。 
uniow.com,GB 全选 1.18 GB 电骡 主页 | 下载 电骡 | 使用 指南 | 如何 发布 [ attachment=97 46:0 ] 小朋友 巧 連智 成 長版 2009年 2月 號 - 成 長版 DVD 品格 人際 、 自然 探索 、 智育 ~,讓,孩子 輕鬆 找出 學習 支點 提升 邏輯 思考力 ， 培養 懂事 好 人格 「 邏輯 U... 
saydigi.com, 101 / 11/22 「 長 得 又 高 又 壯像 大樹 一 樣 」 ， 是 許多 父母 對 小孩 的 期望 ， 尤其 台灣 生育率 如此 低落 ， 每 個 孩子 都 是 父母 掌上 明珠 、 心頭肉 ， 為 了 不,讓,孩子 輸 在 起跑點 ， 父母 尤其 注重 身高 發展 ， 無不...... 
creaders.net, 我 是 台灣人 ， 對大陸 典故 不 清楚 ， 只是 在 網路 亂學 ，,讓,您 見 笑 了 。 
cool3c.com, ...,讓,自己 更加 卓越 的 秘訣 NLP 神經語 言 程式 學 ， 風行 . 
jinlila.com, 不 要,讓,自己 被 三 件 事 所 控制 ： 過去 ， 別 人和 金錢.03 . 
gzgby.com, 如果 可以 ， 如果 真 有 下 輩子 ，,讓,我 做 空氣 好嗎 。 
qyer.com, 感谢 楼 主 分享 血 的 教训 ，,讓,我们 不 会 犯错 。 
guandang.org, 文档 预览 ： 等 ， 都 能 透過這 本書 ， 找到 一 點心靈 的 安慰 ， 他 也可能 會成為 你 實質 上 的 一切 ，,讓,我 們一起 相信 秘密 吧 ！ 
guandang.org, 我 也 因 為 看 了 秘密 ， 用了 吸引力 法則 ，,讓,我 實現 了 滿多 的 願望 ， ... 点击 下载 
juexiang.com, 如果 遠離 她 ， 可以,讓,她 更 開心 快樂 ！ 
tompacking.com, ————— — 受 日 幣 大幅 貶值 影響 ， 大陸 赴 日本 旅遊 蔚 為時 尚 ， 而且 搶購 日本 產品 不 手軟 ， 中央 電視台採訪 到 赴 日 陸客團搶買 電鍋 和 免 治馬 桶 座 ，,讓,日本 免稅 店賣 到 缺貨 ， 工廠 也 來 不 及 生產 ， 對大陸觀 光客 的 購買力 不敢 小覷 。 
saydigi.com," “ 搖-旋 ” 模式 為遊戲帶來 全新 體驗 ,",讓,你 可 有 DJ 擺弄 唱 機轉盤 的 感覺 。 
btshark.cc, 周末 约 炮 君子兰 美容院 老板娘 酒店 开房 穿着 黑 丝 粉红 情趣 内衣 草 720 P 无水 印 美乳 女神 火辣 身材,讓,人流 鼻血 ， 尤物 要 搞到 精盡 人亡 才 能 停 917.09MB 
btshark.cc, 美乳 女神 火辣 身材,讓,"人流 鼻血 ， 尤物 要 搞到 精盡 人亡 才 能 停 艳妇 趁 老公 出门 到 情人 家 打炮 妹子 真心 漂亮 还是 粉木耳 , 主动 要求 在 上面 1.30GB "
btshark.cc, 美乳 女神 火辣 身材,讓,人流 鼻血 ， 尤物 要 搞到 精盡 人亡 才 能 停 酒店 与 94年 的 微信 极品 白 富 美 女孩 约 炮 一 晚 不停 的 搞 最后 都 没有 东西 射 出来 了 国语 对白 671.91MB 
an68.com, 不要,讓,一 個 人 左右 到 自己 的 情緒 . 
nugong.net.cn, 答 ： 速 凉 冰巾 : 只要 浸泡 在 水中 就 可以,讓,你 避暑 ？ 
chinaaid.net, 他 还 以 他 在 11月 19日 在 北京 官方 “ 窗口 教会 ” 缸瓦市 教堂 讲道 为例 ， 称 中國 政府,讓,他 “ 在 我 的 佈道 中 享有 完全 充分 的 自由 。 ” 
kocpc.com.tw,<s> 贴 蛋糕 APP 玩 不用 錢贴 蛋糕 玩 免錢 App 贴 蛋糕 APPLOGO 贴 蛋糕 APPQRCode 熱門 國家 APP 系統 App 版本 費用 評價 上架 日期 踫踫 app 是 一 款 集遊戲 和 社交 為 一 體 的 全新 社交 軟體 ， 在 這裡 ， 邊聊天 邊玩遊戲 ，,讓,聊天 不 再 孤寂 。 
mafengwo.cn, 因为 岛上 有 吃 鹿肉 ， 一 开始 还 以为 是 他们 养 了 然后 屠宰 的 ， 后来 一问 才 知道 是 为了,讓,游客 观赏 的 。 
kocpc.com.tw, .. ， 看到 同 學與 朋友 也 在 玩 ， 不得不,讓,我 也 玩 了 起來 ， 最近 也 請來 宅男 女神 - 陳妍 希 站台 代言 神魔之塔... 《 APP 》 ...... 
tompacking.com, @ 阿靚說 2017-06-0808:55:13 最,讓,我 佩服 的 是 ， 中國大陸 的 每 個階 段 目標 ， 似乎 都 能 如期 實現 。 
twforum.com, 要,讓,"各 民族 得到 幸福 的 獨立 自主 管理 , 又 違反 我 的 反分裂法 "
kimiss.com, 讀萬 卷書 行萬 里 路 ， 千 里 之 行 始於 足下 ， 每 一 次 旅行 之中 ， 經常 要 買 一 雙 舒服 的 鞋 ，,讓,自己 沒 有 疲憊 的 去開心 的 爬山 看 風景 平常 的 我 們 都 是 十分 的 注重 護膚 ， 女人 的 第一 張臉 ， 但 我 們 也 絕 不 能 忽略 女人 的 第三 張 臉足 ， 其 實 除了 有 一 双 舒服 的 鞋子 ， 也
cool3c.com, 在 这 款 游戏 《 瘋狂 城堡 》,讓,你 的 員工 不 只有 上菜 收錢 ， 還可以 搖身 一 變 ， 成為 你 最 忠心 的 守護 士兵 ！ 
dm5.com, 主角 威能 ONomikyaya-2017-02-22 至少,讓,我 看下 樣子 啊啊 啊啊 mizu 1444-2017-02-23 动画 化 啊啊 啊 啊啊 ！ 
woeser.com, 后來 解放 軍來 了 才,讓,西藏人 知道 什么 是 溫飽 。 
pclady.com.cn, [ 发型 资讯 百科 ] 齊劉 海發 型給 你 清新 氣息,讓,你 如 沐春風 的 自然 感選擇 留 著 整齊 的 劉海 發型 女生 ， 其實 是 有 著 不同 性格 的 表現 ， 有的 人 是 為了美 ， 有的 人 是 為 了 自然 ， 今天 小編 就 為 大家 帶來幾 款 齊劉 海 發型 ， 一起 來 看看 吧 查看
tianya.cn, 你 跪 低 都 冇用噶 ， d洋 走狗 我 地 见 锅 打 锅噶 ——— 你 們 有 無數 的 報刊雜誌 ， 但是 沒 有 哪 個 可以,讓,我 們 自由 表 達 民意 。 
languang.cc, 于 美人,讓,您 在 台灣 看見 世界之窗 ！ 
fanwenz.com, 你 答应 過 那些 你 的 情敌 说 ： 你 会,讓,我 幸福 的 。 
fanwenz.com, 我 猜 如果,讓,我 再 爱 一遍 ， 我 依然 会 选择 爱 你 ， 而且 我 会 特别 珍惜 我 們幸福 的 那些 日子 。 
773n.com, : 是 我,讓,你 覺得 我 很 白 、 還是 我 太 傻 _ 个性 QQ 签名 
773n.com, : 是 我,讓,你 覺得 我 很 白 、 還是 我 太 傻 。 
socialbeta.com, 作為 行 銷人 的 我 ， 看到 這類 令 人 眼睛 一 亮 的 活動 ， 總是 興奮 莫名 ， 但 這樣 的 快感 只,讓,我 維持 了 30 秒 ， 理性 的 左腦敲 了 我 的 右腦說 ： 『 嘿 ！ 
gigacircle.com, 「 君 可 自取 」 ， 不 是 真的,讓,他 自取 ， 而是 讓別 人 都 聽 到 。 
gzgby.com, 如果 可以 ， 如果 真 有 下 輩子 ，,讓,我 做 空氣 好嗎 。 
renren.com, 日本 設計師 佐藤卓 去年 設計 的 Kinoishi （ 木の石 ） ， 將 玩具 退回 到 最簡單 的 形式 ，,讓,孩童 可以 堆疊 、 排列 或者 只是 拿在 手上 把玩 ， 让 小孩子 除了 玩 ipad 等 电子 产品 ， 还有 以 更 实际 的 、 更 自然 的 方式 亲近 自然 。 
huoyuanw.com, 分享 12 重 巧妙 谈判 戰略 ，,讓,你 的 老 闆 立即 给 你 涨工资 – 8 年 绝密 阅歷 分享 ， 完好 免费 ” 
lzszg.com, 下面 就 選取 《 甲骨文 合集 》 中 一些 具有 代表性 的 刻有 “ 巫 ” 字 的 甲骨圖片 ，,讓,大家 更 直觀 的 瞭解 “ 巫 ” 在 甲骨文 中 的 實際 存在 形式 和 辭例 的 情況 。 
kocpc.com.tw,( 计算 ) 器 APP 玩 不用 錢 排卵 期 計算 ( 计算 ) 器玩 免錢 App 排卵 期 計算 ( 计算 ) 器 APPLOGO 排卵 期 計算 ( 计算 ) 器 APPQRCode 熱門 國家 APP 系統 Ap 以下 8 款 生理 期 App 貼心 提供 經期 提示 與小 常識 ，,讓,您 輕鬆 掌握 經 期 大小事 。 
googleapis.com," 由此 即 可 看出 共 產黨 的 殘暴 血腥 , 然而 中華民國國民 政府 通過溫 和 改良 手段 即 可",讓,"台灣經濟 提早 中 國大 陸幾 十 年 起飛 , 誰優誰 劣 我 想 自 不 必 多言 了 吧 ? "
googleapis.com, 中華民國國民 政府 通過溫 和 改良 手段 即 可,讓,"台灣經濟 提早 中 國大 陸幾 十 年 起飛 , 誰優誰 劣 ？ "
boxun.com, “ 我 要,讓,我 的 同事 也 簽名 ” （ 圖 ） ( 3 张 图 ) - goodid ( 1974 字节 ) 11/14/2013 ( 27573 ) ( 0 ) 
xtmm.cn, 上 一 篇 : 整容 杀机 下 一 篇 :,讓,你 在 5 秒 鐘內 做 1 個夢 猜 你 喜欢 【 校园 鬼 故事 】 阴 阳间 --- 镇通 轶事 【 校园 鬼 故事 】 古寺 夜谈 --- 沙飞 与 歌顿 【 校园 鬼 故事 】 ... 
xtmm.cn, 整容 杀机,讓,你 在 5 秒 鐘內 做 1 個夢 猜 你 喜欢 【 校园 鬼 故事 】 阴 阳间 --- 镇通 轶事 . 
wikiquote.org, 不要,讓,一 座 雕像 砸了 你 。 
91ddcc.com, .... 傳承 中華 石雕 文化 ， 發現手 造 器物 的 魅力 ， 在 機械化 快速 發展 的 今天 ，,讓,世界 看到 手造 工藝無 可 取代 的 價值 ， 重新 拾起 屬 於 中國 的 匠人 心 。 
ayyzz.cn,作文 人们 喜欢 色彩 ， 却 忽略 了 色彩 在 人生 中 的 意义 ; 首先 由 輕信 寺 廟 住持 所 說的話 ， 決定 私自 賣身為 父 投海 這件 事 來看 ， 沈青 不 顧喪 妻 的 父親無人 照顧 ， 就算 投海 祭祀 求得 的 三百 石 供養 米 能,讓,父親 重 見 光明 ， 喪妻 又 喪 女的 沈瞎子 能 夠 安然 無恙 生活 下去 嗎 。 
chinaste.net,東森 新 聞網 2011年 捲土 重來 ， 供给 線上 供给 即時新聞 ， 包含 政治 、 財經 、 社會 及 國際 要聞 ， 以及 日子 、 消費 、 寵物 、 别致 、 娛樂 、 運動 、 旅遊 資訊 和 相關 新 聞報導 ， 並強 化 社群 與讀 者 互動 ， 以 期,讓,東森 新 聞網 的 內容 更 為豐 富 多元 ， （ 圖／翻攝 自 MeiMei 臉書 ） 何念兹 苦練 3 個月 穿 護士 裝 抖奶 蚊子 、 MeiMei 大 合體 再 看 驚見鮪 . 
chinaste.net,仍 是 觉得 张馨予 真的 蛮 接地 气 的 ， 由于 这 实在 是 太 像 小妹 往常 会 在 兄弟 圈刷 到 的 东西 了 ， 说话 的 口气 还有 宣布 的 内容 都 很 像是 身边 的 人 ， 而 MeiMei 一向 是 他 的 老友 ， 因而 意外,讓,蚊子 、 鮪魚 和 MeiMei 合體 ， 鄭明典 在 臉書說 ， 莫蘭蒂 外圍雲帶 挨近 蘭嶼 ， 颱風 的 外圍 雲帶 常 也 會帶來強陣風 和 短時強 降雨 ， 蘭嶼 先 接觸 算是 颱風 的 前哨 站 ， 這裡 的 觀測資訊 非常 重要 ， 年轻 当然 是 资本 ， 請捲動 滑鼠 滾輪 ，
chinaste.net, 把 “ 犯人 ” 绑在 高处 ， 这个 时候 我们 要 有 充分 的 心理 准备 ， 唯独 在 新 亚 任教 时期 越发 严重 的 胃溃疡 毛病 困扰 他 ， 而 MeiMei 一向 是 他 的 老友 ， 因而 意外,讓,蚊子 、 鮪魚 和 MeiMei 合體 ， 新房 设在 韩菁清 位 于 台北市 忠孝 东路 的 公寓 。 
myinfoman.cn, 用 嫩豆腐 作 素材 ， 連同 汤汁 一起 食用 ， 容易,讓,人 产生 饱足感 。 
stutter.cn, 2 、,讓,孩子 发言 時 低降 音量 ， 果為輕 柔天 发言 能 防备 古道 热肠 吃 。 
stutter.cn, 4 、 多講多煉 ， 正在 往常 逝世 活 中 运用 所有 機會與 古道 热肠 吃 的 孩子 交談 战練習 ， 不 要 間斷 或 中途 而 廢 ，,讓,孩子 多 唱歌 ， 唸 兒歌 、 講 故事 或 復述 其 個人 兴奋 的 事 ， 鍛煉 发言 連貫 以利 糾正 古道 热肠 吃 。 
stutter.cn, 也 可以 通過換 一 種語 行的 要 收來 改正 孩子 的 古道 热肠 吃 ， 比方 本 來說 上海 話的 孩子 ，,讓,他 講寻常話 ， 改變 其 語行 習慣 ， 迫食螓 動腦筋 ， 念 好 了 再 說 。 
udn.com, 這些 感人 的 畫面 ，,讓,人 看 了 心碎 不已 ， 淚流 不止 。 
rednet.cn, 哥 我 是 不 缺 女人 的 ， 如果 你 想炮妞 效率 高 的话 ， 你 确实 得 好好 了解 女人 ， 知道 她 心里 想 什么 ， 然后 对症下药 ， 百发百中 ， 好好 学学 ， ， 炮妞 的 事 不 能 耽误 啊 ， 去 找找 ：,讓,她 着迷 ， 里面 的 东西 吧 ， 介绍 的 很 详细 ， 包括 跟 女人 搭讪 ， 吸引 她 ， 怎么 上床 等等 ， 很 实用 ， 我 正在 学 ， 效果 非常 棒 
ts2t.com, 在 學校 裡 八 面 玲瓏 的 她 ， 一 回到 家 就 變成 了 遊手 好閒 的 干 物 女 ， 花 大量 的 時間 躺在 地板 上 玩 遊戲 ， 并不 斷 指使 她 的 哥哥 做 各 种 雜事 ， 这 也 因此,讓,哥哥 感到 十分 苦惱 。 
qcwxw.cn, 要是 時間 和 新歡 也 不 能,讓,你 忘 記 一 段 感情 ， 原因 只有 一 個 ： 時間 不 夠長 ， 新 歡不夠好 。 
chinatimes.com, 一 句 ，,讓,我 想起 先生 曾經提過 的 陳真醫師 。 
tianya.cn, 最好,讓,"你 親眼 看看 , ....... 最后 祝你 出去 就 讓 車撞 . "
tianya.cn," 最好 讓 你 親眼 看看 , ....... 最后 祝你 出去 就",讓,車撞 . 
77mh.com, 在 育幼院 長大 的 過去 ，,讓,花蕊 （ 雜種 ） ... 
tianya.cn, 我 的 叮囑 如下 ： 一 、 不 論 我 生 了 什麼 重病 ， 不 動 大 手術 ，,讓,我 死 得 快 最 重要 ！ 
jinlila.com, 守 著 你 到 永久 ， 不,讓,你 的 心有 一 絲 寂寞 ， 我的愛 一直 伴 隨 你 左右 。 
confucianism.com.cn, 恭,讓,王元年 （ 明 洪武 二十二 年 ， 1389年 ） ， 置 “ 十 学 ” ， 其中 之 “ 吏学 ” 置于 司译院 。 
inknet.cn," 你 能否 留个 qq号 ,",讓,我 可以 請教 一下 . 
360shuoshuo.com, 只有 静静 的 守护 这 份 相守 相依 的 爱情 ， 毕竟 ， 互相 的 袒护 和 包容 真的 很 不 容易 … 也许 我 不 在 任性 ， 好好 的 爱他 ， 爱 自己 … 因 為 你 的 一 個 微笑 ，,讓,我 思念 到 如今 。 
langlang.cc," 紐約 百 年 護膚 品牌 Kiehl\s , 為慶 祝經 典 藍產 品 藍色 收歛水 40 週 年 , 並針對 大部份 亞洲人 油性 、 極油性 或有 粉剌 、 青春痘 最 困擾 的 肌膚 , 不 論 是 油性 肌膚 、 混合 性肌膚 , 都 能",讓,"您 告別 油光 滿面 , 展現 水 嫩好 肌膚 。 "
fengup.com, 6 、 就算 世界 有 一千 個 理由,讓,你 哭泣 、 你 也 要 有 一千零一 個 理由 微笑 。 
confucianism.com.cn, 关于 “ 十 学 ” 《 高丽史 》 只 简单 记载 ： “ 恭,讓,王元年 置 十 学 ， 教授 官分隶 ， 礼学于 成均馆 ； 药学 于 典仪 寺 ； 兵学 于军 侯所 ； 律学 于 典法 ； 字 学 于 典校寺 ； 医学 于 典医寺 ； 风水 阴阳 学 于 书 云观 ； 吏学 于 司译院 ” 。 
928559.vip, 电力 工业 发展 起到 了 ， 笔 钱,讓,任何 人 都 能 另外 ， 终结 尴尬 ! 
mipang.com,摒挡 ， 每 家 餐馆 摒挡 形式 皆 不 不 异 ， 除了 有 炸 虾饭 、 日式 炸鸡 、 烧烤 、 乌龙面 、 寿司 、 海鮮饭 、 烤羊肉 之外 ， 可乐餅 、 章鱼 烧 、 烧 鸟 串 、 煎 餃子 、 居酒屋 等 小吃 摒挡 也 很 丰硕 ，,讓,你 绝对 能 找到 想吃 的 传统 滋味 ！ 
youke.com, 真真的,讓,我 感到 了 一言九鼎 的 力度 和 一 諾 千 金 的 份量 。 
qyer.com, 最 好,讓,我 遇到 瘋子 . 
fx361.com, 七八千 文钱 ， 也 不 是 一 个 很 小 的 数目 ， 刘坡竟 解开 包袱 取出 细绢 ， 当即 交付 给 那人 作为 赔偿 ， 以,讓,仆人 把 坛子 推下 山崖 ， 从而 使得 道路 畅通 。 
fx361.com, 最早 期 的 可乐 里 还 含有 少量 的 可卡因 ， 所以 取名 为 “ 可乐 ” ， 容易,讓,人 兴奋 并 上瘾 。 
williamlong.info, NA 你 省省 吧 ， 已 經和 你 反對 的 人 沒 什麽 區別 了 ， 都 只 想,讓,自己 眼睛 乾淨 ， 想 把 人 趕走 ， 不 讓別 人 多 說 一 句 ， 來一 句 頂 十 句 ， 帽子 扣 得不 亦 樂乎 ， 如果 你 不 是 博主 的 馬甲 ， 那 還 真是 非常 好 的 展現 了 骨粉 的 素質 。 
179319.vip," 激动 人心 的 追逐 比拼 : 欢迎 各位 前来 我 通灵 宝阁 参加 此 次 ， 杨洋 最 喜欢 巩俐 低胸 旗袍 造型 ， 明星 追星 都 喜欢 下跪 蒋丽 笑着 说道 陈金兴 : 说 还 , 笔 钱",讓,"任何 人 都 能 , 美 联储 政策 上 扮演 着 越来 . "
5345.am," 三星 Note7 退出 历史 舞台 支撑 同时 还 - 小弟 正在 建 我 自己 的 交易 系统 想把 他们 逼到 集中 在 一 处 武大 失踪 学生 已 确认 死亡 警方 排除 他杀 , 我们 可以 选取 这些 指标 当中 的 一 个 指标 / 第八 局 比赛 笔 钱",讓,任何 人 都 能 ? 
wuxixm.cn, 利用 站 外 的 ， 商洛 平衡 车 价格,讓,她 朋友 都 拿著 這個紙 牌 拍照 ， 是 直接 的 感知 还是 数据 的 模糊 支持 ， 并不 意味 着 你 不 被 别人 所爱 ； 不 会 跨度 太 大 ， 一 个 计划 找到 ！ 
juexiang.com, 努力,讓,自己 平靜旳 如 鏡子 般 安詳隨風 而 去 。 
fx361.com, 很多 人 总 在 期望 遇到 一 家 五百 强 的 公司 ， 遇到 一 位 慧眼 的 伯乐 领导 ， 遇到 一 个 自己 想要 的 职位 ， 但是 归根到底 ， 外因 都 只 能够 加大 我们 自己 变得 更 好 的 概率 ， 而 真正 能,讓,自己 变得 更 好 的 只 有 自己 ， 如果 你 对 你 想 变得 更 好 这 件 事 根本 没有 认真 思考 过 ， 那 我 不 相信 一 个 公司 、 一 个 职位 、 一 个 老板 可以 帮你 解决 。 
xiuzhent.com, 更 何况 ， 刘佐仁 刚才 所 言 句句 在理 ， 虽然 很多 专业 词语 不 甚 了解 ， 可 深入 简出 ， 基本 都 能,讓,人 明白 ， 因为 这么 多 年 ， 科学 研究 进展 甚微 ， 也 只有 刘 大师 的 解释 最为 合理 。 
playpcesor.com," 感觉 这 篇 文章 标题 可以 叫 "" 不 要 做 這 10 件 事 ，",讓,你 的 智慧型 手 機 更 省心 “ 而 不 是 更 ” 聪明 好用 “ 1 、 一直 订阅 你 的 博客 ， 发现 你 很 推崇 云端化 。 
996562.vip," “ 在 房地产 去 库存 政策 和 信贷 扩张 的 刺激 下 "" 笔 钱",讓,任何 人 都 能 经 现场 勘查 后 认定 . 
1216.pub, 笔 钱,讓,任何 人 都 能 通灵 大仙 轻声 笑 道 刘艳萍 任 辽宁省 本溪市 人民 政府 副市长 ？ 
39dn.cn, 我 不 要,讓,自己 的 玩世不恭 再 錯失 了 那些 妳給 我 的 溫柔 。 
39dn.cn, ←愛 情總 是,讓,我 們 期望 太 多 ， 從遠遠 地 注視 到 全身心 的 占有 . 
hbgxhr.com, 53 赞 踩 今年 五十 又 四 ， 人生 經歷 和 知識 修養 的 沉淀,讓,我 們 有些 感慨 ， 對年輕人 而言 ， 或 許是 寡淡 的 心靈 雞湯 ， 但 對於 我 們 自身 來說 ， 那 是 半百 人生 的 追憶 ， 不在一個頻 道上 ， 不必 在乎 別人說什麼 ， 活出 自己 ， 活出 精彩 ， 足 矣 ！ 
minghui.org, 2003年 4月 初 万 家 劳教所,讓,法轮功 学员 每 天 只 去 厕所 3 次 （ 定点 ） ， 中间 有 拉肚 或 特殊 原因 是 绝对 不 允许 的 。 
caijing.com.cn, 中國 足球界 最大 問題 不 在於 國足 未 能 戰勝 港 隊當 局 不 應執 著 於 取得 世界杯 入 場券 ， 而 是 應該 在 根本 上 改 變社 會環境 ，,讓,足球 成 為國 民 運動 。 
holoo.net.cn, 答 ：,讓,所有 女人 愛上 是 不可能 的 。 
gdwh.com.cn," 而 此 次 Eason 也 将 为 在座 的 每 一 位 来宾 重新 挑 選與 "" LIFE "" 有 關 的 表演 曲目 ，",讓,"歌迷 体会 另 一 段 的 音乐 故事 ， 就 像 人生 一样 , 会 经历 无限 的 可能 。 "
qikan.com.cn, 有时 ， 声响 并不 那么 刺耳 ，,讓,人生 嫌 ， 反而 有 某 种 催眠 作用 ， 从 河 对岸 的 一 个 旧 仓库 里 传出 ， 敲 几 下 ， 停顿 一会儿 ... 
miss-no1.com, 难怪 她 会 发出 “ 賴床 多 一 個 好 理由 了 ， 女兒 不,讓,我 起床 。 
qcwxw.cn, 却,讓,我 更 痛 . 
appchina.com, 疫情 的 爆发 ，,讓,许多 蘑菇 死了 ， 產生 了 一 个 邪恶 思想 和 传播 病毒 的 蘑菇 。 
7rdy.cn,,讓,我们 携 起 shou 来 同床异梦 ， 把 地球 建 設 成为 柳绿桃红 ， 人 与 自然 和 諧 的 美丽 花城 ！ 
wed114.cn, 而 攝影 老師 拍照 技術 非常 棒 ， 人 又 幽默 風趣 ，,讓,我 們很 放松 。 
prcedu.com, 這一個分 足以,讓,我 傷心 一 場 的 ， 一 个 刺眼 的 数字 出现 大我 面 胶 ： 50 分 ， 当 同学 问 分数 时 ， 我 竟然 还 能 那样 坦然 说 ： “ 50 分 ， 比 上 次 差不了 多少 。 ” 
zol.com.cn, ② 不 准,讓,你 吃醋 . 
ahxxz.cn, 现在 网络 上 测 ；,讓,她 朋友 都 拿著 這個紙 牌 拍照 ， 块 钱 的 裤子 。 
cclycs.com, 除了 貓村 ， 還有猴硐 神社 、 選煤廠 、 礦工紀 念館 、 大 粗 坑 觀光 步道 、 金字碑 古道 等 … 許多 地方 可以 遊覽 ，,讓,你 能 更加 貼近 侯硐 的 生活 哦 ~ 地址 ： 猴硐 猫 村 位于 台湾 新北市 瑞芳区 侯硐 车站 周边 交通 ： 搭乘 台铁平溪线 ， 从 瑞芳站 出发 ， 第一 站 就 是 猴硐 。 
5dmail.net, 修改 / etc/postfix/master.cf （ 也 就是说,讓,Postfix 不 要 以 chroot 啟動 ） 把 smtpinetn---- smtpd 改为 ： smtpinetn-n-- smtpd 
cpanet.org.cn, 显然 ， 从 “ 短平快 ” 的 新闻 摄影 方式 转向 长期 和 深入 ， 是 完成 突破 的 第一 步 ， 但 真正,讓,我 触动 的 ， 是 她 所 坚持 的 东西 —— 不仅仅 是 她 自嘲 为 “ 土 ” 的 记录 方式 ， 更 重要 的 ， 是 对于 “ 人 的 故事 ” 的 持续 关注 。 
563851.vip, 笔 钱,讓,"任何 人 都 能 ~ 你 如此 得罪 千 仞峰 , "
sumcl.com, 清涼 的 香氣 ， 柔順 的 口感 ，,讓,心情 換 上 輕快 新衣 ； 清爽 的 口感 能 提味 ， 給 你 一 整 天 的 怡然 清新 。 
bjqyw.com, ------------------------------------------------------------------------------- 把 清晨 的 鳥鳴 送 給你 ，,讓,你 全天神 清氣爽 。 
bjqyw.com, 把 夜晚 的 星星 送給 你 ，,讓,你 的 未來閃 個 不 停 。 
158695.vip, 笔钱,讓,"任何 人 都 能 : 兵 就 怎么 考 年底 抵达 1200万 在 , "
727739.vip, 笔钱,讓,任何 人 都 能 ? 
fenfen.com, 在 角落处 避免 摆线 条 刚硬 ， 或是 奄奄一息 的 盆栽 ， 容易,讓,与会 的 人心 情 受到 不良 影响 。 
tianya.cn, 评论 石柱 盘 龙 镇 梓州 ： 三 台 人 未 免 太 含蓄 了 ， 我 轉發 了 同學群獲 同 學稱讚 ； 我 二 哥 也 轉發 了 微信群 ， 結果來 此 捧场 廖廖 ～ 真誠 地覺 得 樓主 的 文字 如 涓涓 細流 ，,讓,那些 塵封 的 記憶如 種子 般 的 蘇醒 發芽 
56lg.com, 4 ， BF襯衫 + 個性單品 ： 只要 稍微 加入 一些 點綴 ， 就 可以,讓,BFshirt 看起来 更 鲜活 多彩 ！ 
jslib.org.cn, 他 的 生命 像 水底 石 边 的 青苔 一样,讓,人 清涩 。 
cool3c.com, 通过 漫画,讓,你 全家人 对 阿弥陀佛 和 释迦牟尼 佛 有 更 深入 的 認識 和 了解 。 
xidong.net,要 当 妈妈 了 九月 《 康熙 来 了 》 也 要 因为 小 S 的 待产 而 停录 所以 我 們會 有 一 段 時間 看 不 到 她 暸 把 她 以前 的 《 徐老师 一 分钟 瘦身 操 VCD 》 拿 出来 给 喜欢 她 的 朋友 分享,讓,她 的 搞笑 陪我 們過 完 暑假 我们 好好 祝福 她 吧 ~ 
wuysky.cn, 买 夏季 如何 美白 胳膊 就 要 买 真品 ， 夏季 如何 美白 胳膊 - 夏天 胳膊 晒黑 了 怎么 才 能 美白 啊 夏天 如何,讓,手臂 快速 美白 如何 美白 手臂 上 的 皮肤 。 
yashadd.com, 38 、 爱 老婆 守 则 ⑴ 不 准 對 她 耍酷 ` ⑵ 不 准,讓,她 吃醋 。 
fx361.com,因此 ， 通常 会 哭闹 和 乱 打来 发泄 自己 … … 直到 1887年 3月 3日 ， 海伦 的 恩师 — 安妮·莎莉文 小姐 来到 了 她家 ， 莎莉文 小姐 就 像 一 个 耀眼 的 光芒 ， 走进 了 海伦 的 世界 里 ， 给 海伦 带来 了 无限 光芒 ，,讓,她 的 生活 将 会 变得 和 以前 大不 相同 了 … … 莎莉文 小姐 用 她 的 独特 教育 方式 和 在 家人 、 朋友 的 帮助 下 ， 她 先后 进入 赖特·赫马森 聋人 学校 和 剑桥 女子 学校 学习 ， 并 考入 哈佛 大学 ， 她 开始 尝试 写作
newhua.com, 摘自 陈妍希 新浪 微 博 ： 其 實不論是 武打 和 第一 次 拍 武俠戲 ， 對我來說難 度 都 挺 大 的 ， 但 能 演出 一 個 更 真實 和 接近 人群 新 世代 的 小龍女 ， 能 夠帶 改 大家 些 許樂趣 ，,讓,我 覺得 一切 都 是 值得 的 。 
cidianwang.com, 让 的 解释 让 （,讓,） ràng 不争 ， 尽 （ j媙 ） 着 旁人 ： 让步 。 
zzjsgl.com, 因 為 你 的 一 個 微笑 ，,讓,我 思念 到 如今 。 
163.com, 就,讓,我 來告訴 你 這 其中 的 故事 
nbhkdz.com, 以及,讓,他 們更 加有 技巧 的 從網絡 上 全面 運用 ， 以及 更 好的 經營 公司 ， 您 会 发现 ， 上過 我 們 的 課程 ( 服务 项目 ) ， 您 和 贵公司 同样 会 得益 。 ” 
189699.vip, 非常 困难 笔 钱,讓,任何 人 都 能 。 
cool3c.com, 节省 流量 ， 缓存 * 推薦蘋 果 iPhone 手機 8 種獨 有 APP 能,讓,安卓 用 戶 嫉妒 死 * 推薦 iphone6s/6splus 九月 上市 可惜 這 些 配置 是 瞎扯 . 
921396.vip, 五角大楼 估算 约 有 2 到 3万 人 为 “ 伊斯兰国 ” 作战 客气 了 / APp杏彩 开学 会 '' APp杏彩 然后 钱 呢 还 能够 送 进来 ~ APp杏 彩笔 钱,讓,任何 人 都 能 当 第七 道 雷霆 被 青木 神针 轰然 穿透 - 或者 如果 你 抮 个人 交易 依然 当初 ! 
freetrip.com.cn, 充滿 奇妙 生趣 的 美國 小 鎮 大街 、 探險 世界 、 幻想 世界 、 明日 世界 四 個主題區 ，,讓,我 們 的 夢想 一一 實現 （ 晚餐 由 本 公司 提供 价值 50 元 的 餐券 一 张 ） ， 晚上 入住 酒店 休息 。 
5156edu.com, 基本 解释 ： 让 （,讓,） ràng 不争 ， 尽 （ jìn ） 着 旁人 ： 让步 。 
junsaozg.com, 像 一些 愛美 的 女生 經常 做 美丽 的 指甲 ， 偶爾 也,讓,自己 的 指甲 呼吸 一下 新 鮮空氣 ， 保持 健康 。 
xuehaiblog.com, tw/n102620 / 8 個 方法 -,讓,你 ... 
i4i3.com, 因為 你 的 一 個 微笑 ，,讓,我 思念 到 如今 。 
chinapoet.net, —— 蓝蓓 我 的 文字 没有 巫术 ， 像 一 片云 ， 像 一 棵树 ， 我 用 沉默 对 你 说话 … … —— 玫瑰 之 冢 写 满 一百 首 —— 飞肥 午夜 零點一刻 ， 迎著 風唱 情歌 ，,讓,所有 失眠 的 花朵 ， 都 悄悄 愛上 我 。 
confucianism.org.my,修生 学习 之中 ， 一 丁 一点 提升 ‘ 内在 心灵 价值 ’ ； 群体 是 我们 追求 心灵 纯洁 ‘ 自我 实现 ’ 的 一 个 极其 重要 的 平台 ； 在 群体 中 鍛練 ， 摆脱 外在 名利 的 束缚 ， 轉而溫 、 良 、 恭 、 儉 、,讓,的 情操 ， 在 生命 中 找到 扎根 之點 。 
coviews.com, 中國總 理溫家寶這幾 年 致力 於 政治 改革 ， 無奈 黨內 多半 抱持 反對意見 ，,讓,他 這條路 走得 相 當艱辛 。 
715819.vip, 笔钱,讓,任何 人 都 能 ！ 
52shici.com, 第三 句 按照 俗話 來說 要 能 兜得住 前面 ， 同 時 又 要 能 打開 下片 ，,讓,人 感覺 自然 承上 啟下 ， 不 突兀 。 
zhuaji.org, 可 最后 居然 还 有 任务 ，,讓,我们 足足 屠杀 了 一 个 星球 的 异形体 ， 数以百亿 计 ， 甚至 最后 把 那个 星球 都 打爆 炸 了 。 
bqpu.net, 把 非法 的 先 堵 好 才 能,讓,稀土 變 成 武器 
chinazhaokao.com, 與其說 自己 不幸福 不如 說沒 有 找到 可以,讓,自己 幸福 的 人 也许 我 走 得 很 慢 ， 但是 我 绝不 后退 我 算 什麽 ， 跟 她 比還 算 什麽 ？ 
chinazhaokao.com, 、 、 e 想 远离 e 想 脱离 e 想 逃离 ． 我 宁愿 被 别人 伤害 也 不 愿 伤害 别人 __這 些 年 、 妳過 的 好 不 好 女人 、 要 麽 忍 ， 要 麽殘 忍 ╭ 女人 最 想,讓,男人 說 的 情話 不 是 我 愛妳 是 別 害怕 有 我 在 
chinazhaokao.com, 妳說 的 每 句 話 足以,讓,我 感動 很 久 以后 还是 朋友 / 一 个 彼此 都 不 能 问候 的 朋友 你 一直 摇头 ， 说着 分手 没 理由 。 
998587.vip, ~ 笔 钱,讓,任何 人 都 能 ? 
lee-philosophy.org," 移 除 ChinKY 他们 故意 这么 做 , 是 要",讓,"各 国 媒体 都 看到 , 好 讓 他们 去 评理 , 因为 YMCA 在 很多 国家 都 有 他们 的 支部 , 正好 可以 利用 , 真的 很 失望 , 如果 各 国 媒体 沒 有 如实 的 報道 ， 真是 伤透 新加坡 人民 的 心 "
aicunfu.com, PS :,讓,我 們重拾 曾經龍 之 谷 的 歡樂 ， 讓 我 們壹 起 尋找龍 之 谷 遺失 的 夥伴 ! 
aicunfu.com, PS : 讓 我 們重拾 曾經龍 之 谷 的 歡樂 ，,讓,我 們壹 起 尋找龍 之 谷 遺失 的 夥伴 ! 
797358.vip, 笔钱,讓,任何 人 都 能 只要 给他 时间 . 
caixin.com,， 一方面 是 由于 希腊 神话 里 的 同名 巨人 创造 了 人类 ， 并且 盗来 了 火种 ， 由 此 自己 要 受到 宙斯 的 责罚 ， 宙斯 將 他 锁在 高加索 山 的 悬崖 上 ， 每 天 派 一 只 鹰 去 吃 他 的 肝 ， 又,讓,他 的 肝每 天 重新 长上 ， 使 他 日日 承受 被 恶鹰 啄食 肝脏 的 痛苦 。 
shyysw.net, 拉斯维加斯 深度 游 --- 华亚 雪山 之 旅 十 天 前 收到 华亚 旅游团 到 凯尔 峡谷 春天 山 国家 公园 游览 的 通知 ， 通知 内容 如下 ：,讓,我们 看 雪去 ， 接觸 大自然 ， 風雨無阻 。 
xineurope.com,2009年 5月 1日 部落 客 推荐 必 杀 特惠组 ~~~~~04 / 30 判 若 兩 人大 改造 之 最 美 歐巴桑 04 / 28 部落 客 從頭 到 腳美 白 大 揭秘 第 34 页 2010年 2月 和 3月 P36 2010年 3月 16日 p46201 0/03/18,讓,睫毛 瞬間濃 密激 長捲翹 p47201 0/03/22 擺脫 黑 肉 底讓 你 跟 水煮蛋 一 樣 白 泡泡 201 0/03/232010年 春夏 彩妝 VS 服裝 怎 麼搭怎 IN 最 時尚 ? 
itrip.com, 经过 昨天 的 半日 游览 ，,讓,我 對 热带 雨林 有 了 更 深 一 层 的 体验 。 
artx.cn, 接着 又,讓,欧阳佑 等 十二 人 四 出 蒐集 元 顺帝 一 朝 的 史料 ， 於 洪武 三 年 （ 一三七○年 ） 重开 史局 ， 仍 以 宋濂 、 王祎 为 总裁 ， 由 朱右 等 十五 人 参加 编写 ， 用 一百四十三 天 续 修 本纪 、 志 、 表 、
577896.vip, 笔钱,讓,任何 人 都 能 ! 
5345.am,分 钱 熊 去 牛 来 & rdquo “ 不良 贷款 率 可能 增长 到 1 ” ~ 劳工 必须 离开 新加坡 ： 产业 政策 泛滥成灾 何时 休 ( 图 ) “ 一 张 图 看懂 全球 外汇 交易 市场 但是 由于 对 外汇 市场 不了解 ~ ” 4% '' 笔钱,讓,任何 人 都 能 ， Forex ) 买卖 是 一 种 买卖性 业务 . 
771838.vip, 回避 风险 本分 也 笔 钱,讓,任何 人 都能 ~ 
woeser.com," 拿槍 抵 著 你 的 腦門 ,",讓,"你 學 日本話 , 當 日本人 , 不聽說 就 殺 了 你 , 你 願意嗎 ? "
jxnews.com.cn," 一 场 中国 歌曲 的 大赛 , 居然",讓,"一 位 外国人 , ( 唱歌 的 水平 实在 太 一般 了 , ) 连连 晋级 , 实在 令人费解 , 这些 评委 有点 骨气 吗 ? "
huangdineijing.com,体内 真的 有 神气 不足 ， 而 施加 针刺 的 结果 必然 会 使 皮肤 表面 留下 一 个 针眼 ， 所以 ， 在 具体 的 补泻 操作 中 ， 出 针 以后 對這個針 眼 的 處理 就 得 有 个 讲究 ： “ 泻 ” 的 时候 就 一定 要,讓,邪气 通 過 这个 針眼 排泄 出来 ， “ 补 ” 的 时候 则 刚好 相反 ， 一定 要 尽力 避免 神气 通 過 这个 針眼 散逸 出来 。 
yule.com.cn, 随后 ， 陈伟霆 转发 了 吴亦凡 的 微博 ， 并 写道 “ 怎麼捨 得,讓,你 再 孤單 ， # 就 要 玩 在一起 #comeon ! ” 
kocpc.com.tw, 疫情 的 爆发 ，,讓,许多 蘑菇 死了 ， 產生 了 一 个 邪恶 思想 和 传播 病毒 的 蘑菇 。 
jinlila.com, 雨中 狂奔 后 ， 那 瞬息 的 释怀 只是 想,讓,自己 過旳 真 實一丶 受够 了 你 所谓 的 爱 。 
ankangwang.com, 骨子 里 有 一 种 很 执着 的 感︶ㄣ 依 賴 你 的 肩膀 、 好溫暖嬡 ， 湜①種荿萇 爱 只 让 我 从此 不 爱 ≈ 吴国庆 丶 世界 名 草妳の爱 ，,讓,我 ˇ 情 何以 堪 这 主角 丶数 不 尽 痛 这 主角 丶称王 づ 错过 那 一 章节 、 爱 你 丶 有 多 痛 月光丶 倒影 在 心中 这 主角 丶很 淡定 成熟 的 年龄 不 代表 你 成熟 了 青樓 满座丶 只 因 人心 寂寞 ゞ┌ ． 多少
juexiang.com, 谢谢 你 出现 在 我 的 世界 里 ， 给 过 我 温暖 的 微笑 ，,讓,我 有 勇气 一直 坚强 下来 … … 
xinhuiyi.com, 因为 只 对 小结 美 有 爱 ， 所以 二 见 线 MAO线 什么 的 以后 再 说 吧 … … 囧 【 內容簡介 】 一 、 著名 美 少女 遊戲 改編 、 大受 好評 的 『 君吻 』 小 說化 第一 彈 ，,讓,你 透過 文字 感受 到 女 主角 的 魅力 、 以及 那 酸酸 . 
3qtai.com.tw, 之前 我 每次 时好时坏 ， 我 尽量 不 想 ， 但 有时 看见 时 就很 伤心 ， 弄到 磁场 不好 ， 也 这么 久 他 也 不理 我 ， 原来 要,讓,自己 越 來 越 好 ， 幸福 就 更 靠近 自己 ， 谢谢 你 ， 也 谢谢 老师 哦 。 
wstdw.com, 如何,讓,“ 数字 节食 ” 行之有效 ？ 
fx361.com, 内心 基础 有 了 ， 我们 要,讓,这 “ 得意 ” 有声有色 地 跃然 纸上 。 
jdzj.com, 卡 件 也 罢 美国 A-B 价格 好 GE 折扣 多,讓,我们 来 一 场 说 买 就 买 的 交易 ! 
flyine.net, 的 追求 也 是 你 教会 我 的 我 不 知 说 些 什么 一切 尽在 不言 中 就 让 星空 见证 光明 ， 美好 的 一切 就,讓,一切 都 被 歡樂 所 沖刷 吧 ！ 
jkee.net, 问题 ： 請問 有 什麼 方法 可以 快速 減肥 的 性别 ： 女 年龄 ： 30 全部 症状 ： 发病 时间 及 原因 ： 肥胖,讓,"我 苦恼 , 好 想 體重 減 下去 治疗 情况 ： ... 回答 ： 减肥 办法 有 很多 ， 在 选择 减肥 方法 时 应以 物理 减肥 和 减少 饮食 为主 ， 不 应该 以 口服 药物 为主 。 "
tiff.org.tw,邊 冠軍騎士 ， 西部 宏國 大 樓勇馬 ， 馬刺炎 天補強 尚 可 一 戰 ， 但 勝算 不 年夜 ， 本 年 墊腳 也 不要 太 偏激 ， 不 成 能 是 壯士 的 戰術 要求 ， 中 廣 松江 大 樓隻 能 說球員臟 ， 卡哇伊 說 能上 ， 波波 不,讓,， 依據 老 爺子 的 立場 ， 也 是 以 為本年 但 願 不 年夜 ， 究竟 雙 拳 難敵 四 手 ， 被 逼 到 盡境 的 壯士 ， 不 是 “ 你 的 手机 响了 ， 聋子 ？ ” 
syrw.cn,#ERROR!,讓,我 看 不同 角度 的 東西 ， 結果 我 長大 了 ， 眼神 很 亮 ， 很 好 小 時候媽媽 一直 幫 我 捏 鼻樑 ， 結果 我 長大 了 ， 鼻樑 很 飽滿 ， 很 漂亮 我 最最 最 感謝 的 就是 我 遺傳 了 我 媽媽 的 長腿 ，
juexiang.com, 我 喜欢 视线 漫無 目的 的 飄移 ， 我 想,讓,自己 的 心 在 新鮮 的 感性 世界 里 获得 快乐 与 安逸 。 
goumin.com," 8x_/y "" ~ : n$^3y ( j ( C7h''f7a/@ ) i&t3P4 、 金 毛 幼 犬 四 個 半 月 大 以前 ， 不 要",讓,它 自行 上下樓梯 。 
goumin.com, 上下汽 車時 也 要 小心 ， 若離 地面 太高 （ 例如 後 行李箱 ） ， 不 要,讓,它 自行 上下 ， 要 抱 它 。 
goumin.com, 有 癲癇症 的 狗 不 能,讓,他 繁殖 . 
huanqiumil.com, 妻子 更 曾 表示 下 輩子還 要 再 嫁 他 ， 如今 牽手 先走 一 步 ， 也,讓,她 接到 噩耗 泣 不成聲 。 
simcity.cn, 你 的 基地,讓,我 很 忌妒 . 
39dn.cn, 会 oミ 失詓祢 在 我 不 曾 記得倪 的 時候 ， 爲什麽 倪又闖進 我 的 世界裏 ，,讓,我 不知所措 呢 ？ 
ci123.com, 所以 你 要,讓,他 多多 的 爬行 . 
mafengwo.cn, 在 英國 喝 茶 ， 不 論 是 早餐茶 或是 任何 種類 的 茶 ， 一定 會 配上 另 一 小 杯 牛奶 ， 讓客人 自由 添加 ， 而 Ritz,讓,我 連 喝 茶 都 會醉 的 原因 之一 ， 還有 那 美麗 的 茶具 ， 每 一 個 都 好像 公主 專用 的 ～ 有 質感 的 亮晶晶 
ishowx.com," 还 记得 在 2012年 的 时候 林志颖 为了 庆祝 微 博 粉丝 破 八百万 秀 出了 自己 的 男扮女装 造型 并 写道 “ 八百 萬 粉絲大禮物 ,",讓,"大家 開心 一下 , 以前 拍戲 的 藝妓照 。 ” "
roodo.com, 有 人 如是 流言 ，,讓,人 感嘆 ： 
yesky.com," 超 拽 酷酷 的 个性 签名 我 要 的 是 置之度外 这样 03-25 假 不 正经 惯了 ， 你 一 认真 我 就 想要 逃 , 聽説 只有 失去 才 懂得 珎惜 ， 我 也 很 想 失去 妳㈠ 次 所以 能 不 能 先",讓,"我 得到 , 有些 人 蜜语 千 篇 却 无疾而终 ， 有些 人 相伴 无言 却 共度 百 年 。 "
dcview.com," 看了 你 的 照片 , 又 想 去 旅行 了 ∼ 每 張 都",讓,人身 入 其境 的 感覺 ∼讚 ！ 
mysuper.com.tw, 在 這我給 你 完整 的 Pro版 ，,讓,你 體會 最新 最好 用 功能 最 齊全 的 RevoUninstallerPro2011 。 
928766.vip, 法 总统 ： 法国 航母 9月 起 将 再度 在 叙伊 助力 打击 IS 笔钱,讓,任何 人 都 能 失业 保险 部分 又 能够 降低 企业 成本 约 300亿 ~ 
397295.vip," 播求 被 哈 亚 肘击 击中 '' 我们 就 发现 , 车 没 熄火 临 停 被 开 罚单 市民 状告 交警 大队 武僧 会战 泰 拳王 嘛 '' 笔 钱",讓,任何 人 都 能 - 反而 是 更加 '' 戴维斯 杯 与 德国队 比赛 : 现货 课堂 学会 : 
yaolan.com, 一般 十 個月 再,讓,他 學走路 。 
fx361.com,可能 是 有 一 个 新 教室 、 有 一 件 新 衣服 、 有 一 个 新 书包 ， 或 走出 大山 看 一 看 外面 的 世界 ， 或 见 父母 一 面 … … 我 的 梦想 是 长大 了 一定 多 攒钱 ， 寄到 山区 去 ，,讓,他们 也 可以 有 一 个 美丽 的 校园 ， 帮 他们 实现 梦想 。 
yimingxiaozhan.com, 敢 爱 你 一 天 就 敢 爱 你 有生之年 ╭ Dar1ing,讓,我 用 壹生 的 時間對 迩說 I1ov3you ． 你 总是 匿名 给 我 最 真实 的 爱 。 
duowan.com,回 一 次 蓝 ， 后来 把 快速 丢了 以后 情况 才 有所 好转 刚 能 进 H本 ， 有时候 都 要 个 能 补 的 DPS 帮忙 加加 血 尤其是 遇到 不 躲 技能 的 近战 ， 直接 放生 掉 （ CTM 碰到 不 要命 的 DPS 要 學會 放手,讓,他 去吧 ） 这个 是 我 在 哪个 帖子 里 看到 的 一 句 话 。 
sinovision.net, 師兄 可以 叫 你 兒子 先 看看 聖嚴 法 師 或者 宣化 上人 ， 淨空 法師 的 講經視頻 ， 他 讀那麼多書適 合 看 《 波羅蜜 心經 》 ， 慢慢 就 會進 入 佛門 ， 現在 似是而非 的 邪教 很多 ， 可 千 萬 不 要,讓,他 走 進 了 邪教 呀 . 
downhot.com, 每 個 人 都 是 壹個國王 ， 在 自己 的 世界 里 纵横 跋扈 ， 你 不 要 聽 我 的 ， 但 妳 也 不要,讓,我 聽妳 的 。 
wikia.com, 讓 你 的 傻瓜 市民 做飯 中途,讓,市民 去 干別 的 事情 別讓 他 回到 廚房 着火 后 把 門賣 掉燒 死 他 . 
tuxi.com.cn, .. 等 樂器 ， 將 每 一 樂 器 特色 發揮 的 淋漓盡致 ， 搭配 得 恰到 好處 ， 旋律 清幽 抒情 ， 能將 您 帶入 清新 寧靜 的 心境 ，,讓,心靈 在 音樂裡 享受 浪漫 ， 感覺溫馨 ， 感受 自然 。 
minghui.org, 在 看守所 不 让 睡觉 ， 被 铐在 铁 椅子 上,讓,蚊子 叮咬 ， 迫害 了 一 夜 。 
52shici.com, 親情長 得 寬懷 竹 ， 莫,讓,笙歌 冷 調同 。 
cfybs.com, 流淚 的 時候 不要 眨眼 、 那 是,讓,你 看到 這個 世界 由 清晰 到 模糊 的 全過程 。 
qianhuaweb.com, 愛 ， 其 實 可以 很 簡單 ； 這 一 刻 ， 貼近 彼此 的 心 ，,讓,我 們 可以 對下 一 刻 SE-NO 《 せーの 》 勇敢 前行 。 
zx58.cn,只 為 [ 愛心 ] 撒播 美 麗� 奉 獻 健康 [ 愛心 ] ， 《 壹圓 公益行 》 活動 中 所有 朋友 們 都 可以 成為 9月 22日 《 [ 玫瑰 ] 尚 赫王 笑影 希望 小 學 [ 玫瑰 ] 》 揭牌 現場 《 嘉賓 》 優先參加 名額 ，,讓,我 們一起 在 媒體記 者 閃光 燈 之下 一 起 將愛 傳 出去 … … … 優佳 源愛 心協會� 壹圓 公益 所有 壹圓愛 心 款 現場 都 會奉獻給 衢州 貧困學 校寶 貝們 ！ 
mafengwo.cn, 讓 松露 猪 的 門票 錢 不要 白花 了 松露 猪 指望 大家 可以 多 留言,讓,我 可以 申請個 ＶＩＰ 。 
sfacg.com, 英靈 禱言 2016/3/219:22:29 回复 不 存在 零缺點 的 作品 ， 作者 加油 ， 你 寫 的 文章 毫無 疑問 地,讓,我 看 得 很 快樂 。 
chinazhaokao.com, 不要,讓,最初 的 天堂 ， 變成 最 終 的 荒唐 ！ 
chinazhaokao.com, ︶ㄣ 究竟 還 有 多少 個 ˇ 她 ˇ沒 能,讓,你 忘 記 86 . 
jiche.com, 如果 觉得 避震器 「 偏 软 」 就 是 很 容易 瞬间 把 行程 给 用完 ， 此时 我们 就要 加大 压缩 阻尼 ， 让 避震器 行程 受力 后 ， 不 会 瞬间 压缩 ， 而是 得,讓,他 有 點緩衝 作用 。 
jiche.com, 那 我们 就 得 「 减少 压缩 阻尼 」,讓,我 們 的 避震器 多 一点 下沉 的 反应 。 
jiche.com, 如果 觉得 避震器 「 偏 软 」 就 是 很 容易 瞬间 把 行程 给 用完 ， 此时 我们 就要 加大 压缩 阻尼 ， 让 避震器 行程 受力 后 ， 不 会 瞬间 压缩 ， 而是 得,讓,他 有 點緩衝 作用 。 
jiche.com, 那 我们 就 得 「 减少 压缩 阻尼 」,讓,我 們 的 避震器 多 一点 下沉 的 反应 。 
nb-kangfa.com, 美乳 女神 火辣 身材,讓,人流 鼻血 ， 尤物 要 搞到 精盡 人亡 才 能 停 [ MP4/205 MB/YF ] 長 得 酷似 台灣 某 女星 的 極品 網絡 援交 美女 [ MP4/357 MB ] 
qunar.com," 因為 有 1.8 大 光圈 而且 有 星空 模式 ,",讓,你 很 輕易 拍 得 美美 的 星空 相片 。 
dangzhi.com, 我 要 讓她 更 强大 ，,讓,其他 陀螺 都 败在 她 的 手下 。 
yesky.com, 如果,讓,我 忘记 你 我 宁愿 畱恋 不 放手 。 
331656.vip, 所有 战意 笔 钱,讓,任何 人 都 能 ： “ 第六 交易 时间段 ， 开户 步骤 . 
nb-kangfa.com, 官方 通报 泛亚 案情 : 公司 实际 控制 人 等 16 人 被 批捕 让 美 害怕 的 五 大 武器 一 款 可 攻击 美 本土,讓,我 的 女友 脫完 衣服 我 拍 她 
nb-kangfa.com, 害 暂时 封闭 欢乐 情趣 双 插 骚货 吞精 淫荡 对白 [ YF/MP4/113 MB ] 豪放 步兵,讓,您 甘灑熱 精 一 擼 到底 嬌乳 美女 騷姿 舞弄 無限 誘惑 
qiaodaimei.com," 我们 被 成功 蒙蔽 了 05 : 而 同时 飞起 , 改 该 ~ 战 小牛 或是 纳什 赛季 最后 1 战 亨利 确认 赛季 结束 笔钱",讓,"任何 人 都 能 ： “ 面色 狞狰 "" 但是 北京队 也 有 其他 对手 所 不 具备 的 优势 / 小孩 忽悠 的 ! "
771838.vip, 笔钱,讓,任何 人 都 能 '' 
fx361.com, 阿涅西 的 成就,讓,她 名噪一时 。 
boxun.com, 【 补充 】 或 认为 ： 認為 中國 是 一 個 羞辱 社會 ， 制度性 強勢 羞辱 弱者,讓,他 們 接受 羞辱 ， 凡是 有 不接受 羞辱 的 必被 嚴厲 制裁 懲罰 。 ” 
chinazhaokao.com, 没有 伞的 孩子 必需 全力 奔跑 当真 只 能 把 事 做 对 ， 用心 才华 把 事 做好 信赖 、 可以,讓,幸福 一向 随同 下去 . 
chinashufa.com.cn, 拜托 各位 大神 希望 采纳 ymdha@草榴 社區@福大 女神 张依伊 就 要 爆 红的 女孩 + 好 逼 都,讓,狗 日 了 留學生 被 外國 大叼操 + 桥 口 古 没 这么 快 ！ 
qyer.com, 就 等同于 你 在 公众 号 对 我 说 的 “ 发 此楼 图二 截图 ，,讓,大家 看看 ， 以 後 小心點 ” —— 你 目前 做出 的 解释 ： “ 是讓 大家 小心 她 這樣 的 人 ， 兩麵 三 刀 ” 这 是 你 对 我 的 看法 ， 我 依然 不 作 评论 。 
cool3c.com,軟體 和 地圖 版本 更新 ， 機台記 憶體 存取 越 來 越 頻繁 ， nuvi機台 也 會像 電腦 般 留下 些 許暫 存 檔案 ， 當累積 越 來 越 多 時 ， 就 會影響 nuvi機 台 執行 的 順暢性 ， GarminBlog 在 此 也 提供 玩家 一個簡單 的 清理 辦法 ，,讓,您 的 Garmin 機台 隨時 都 能 保持 在 最佳 狀態 ！ 
kocpc.com.tw,街机 侍魂 2 玩 免錢侍道 4 曾 製作 推出 《 天誅 》 、 《 侍道 》 、 《 忍道 》 等 眾 多 日本 時代 劇題材 遊戲 的 ACQUIRE ， 3月 再度 由 Spike 代理 發行 推出 《 侍道 》 系列 最 新作 PS3 動 作 冒險遊戲 《 侍道4 》 ，,讓,玩家 再度 扮演 熱血 武士 行走 江湖 ， 新作 背景 將自戰國轉 移到 西 . 
ranbos.com,金融 资产 不 能 更好 地 管理 最终 只 会 导致 失财 所以 财产 统一 管理 是 理 好 财 的 首要 任务 建议 记账 佛山 私家 调查 记下 平日 的 开支 债务 投资 金额 等等 另外 银行 账户 数量 也 不 宜 太 多 最好 将 资金 归拢 管理 要,讓,自己 的 財富 增值 首先 要 先 給 自己 的 理 財 方案 做 審視 一些 地方 該減負 一些 地方 該 瘦身 這樣 才 能 輕松 上路 實現財 富 增收 信用卡 不 宜 超 三 張現 今 每 人 身上 擁 有 多 張 美 参议院 通过 法案 促 信用 卡业
766253.vip, 纽约 确诊 首例 埃博拉 曾 与 少数 人 有过 直接 接触 笔 钱,讓,"任何 人 都 能 ， 炒汇 主要 分析 的 还是 USD 又 是 一 道 黄色 光芒 亮起 港媒 ： 四 中 全会 上 开除 军方 中央 委员 史无前例 ， 华远 比万 科 的 净 资产 回报 高 多 了 , 这不 只是 他 某个 赛季 打 得 比 詹姆斯 好"
378396.vip, 笔 钱,讓,任何 人 都 能 ? 
695685.vip, 在 “ 一 带 一 路 ” 沿线 笔 钱,讓,任何 人 都能 ~ 
sxdaily.com.cn,"： "" 我 覺 得 女人 的 價值 不 是 建立 在 男人 之上 ， 今天 很 幸福 ， 誰 又 知道 明天 會 發生 什麼事 ， 而 我 存在 的 價值 就 是 不 斷 把 處於 什麼 位置 的 當下 做到 最好 ， 同 時 也 不 斷 努力",讓,自己 磨練 地 更好 。 
noname.tw, 刨花板 和 密度 板 都 不好吃 釘 的 ， 不 過 高密度 板要 好的多 ， 要 注意 不 要,讓,他 用 中密 度板 或 低 密度 板充 高 密度 板 。 
nb-kangfa.com, 1-2 ） 身材 和 B 穴 一 流 忍 不 住 约 情人 在 车内 玩 车 震玩 刺激 国语 对话 [ MP4/117MB ] 超 可 愛極品 正妹 床上 配合 音樂 玩 裸身 自 拍 ( 絕對 值得一看 ),讓,我 的 女友 脫完 衣服 我 拍 她 
nb-kangfa.com, 幹過幾 次 很 悶騷 一 終 于,讓,我 操 了 我 是 谁 ？ 
nb-kangfa.com,"私拍 , 小穴 还是 粉嫩 滴哟 【 419P / 4.12G 】 白嫩 漂亮 女友 女 上位 激情 爱 爱 叫声 听著 很 爽 国语 对白 [ SUF/MP4/285 MB ] 女仆 与 贵妇们 的 激情 演义 [ 12P ] 鄉下 來 的 表姐 沒 被 幹過幾 次 很 悶騷 一 終 于",讓,我 操 了 美国 加州 发生 枪击 事件 已 致 20多 人 中 枪 12 人 死亡 
dreams-travel.com," 【 河口 湖 八 木崎 薰衣草 公园 】 特別 安排 參觀 一年一度 富士山 紫色 薰衣草 祭 , 6月 中旬 起 河口 湖畔 到 處開滿 了 各式 花卉 , 尤其是 10 萬株 美麗 薰衣草 更 添 光彩 奪目 , 再加上 富士山 美景 ,",讓,人流 連 忘返 ! 
iyaxin.com, 相信 公司 一定 會盡 最 大 的 努力,讓,我 見到妳 的 ！ 
babytree.com, 只要 小孩子 可以 自理 ﹐ 九月份 幼儿园 是 沒有問題 的 ﹗我家寶寶 四月 二十九 號 才 二 歲﹐現 在 會吃喝 拉 都 不用 大人 管﹐寶寶 也 是 由 外婆 帶 ﹐ 如果 想,讓,孩子 提前 上 幼儿园 ﹐ 第一 要 給 孩子 一 個學習 分 為﹐多帶 孩子 去 一下 幼儿园 ﹐ 熟悉 一下 幼儿园 的 環境 及 教育 狀況 ﹐ 也 讓 孩子 學會獨 立 ﹔ 因 我 也 打算 讓寶寶 九月 份上 學 ﹗ 
babytree.com,﹗我家寶寶 四月 二十九 號 才 二 歲﹐現 在 會吃喝 拉 都 不用 大人 管﹐寶寶 也 是 由 外婆 帶 ﹐ 如果 想 讓 孩子 提前 上 幼儿园 ﹐ 第一 要 給 孩子 一 個學習 分 為﹐多帶 孩子 去 一下 幼儿园 ﹐ 熟悉 一下 幼儿园 的 環境 及 教育 狀況 ﹐ 也,讓,孩子 學會獨 立 ﹔ 因 我 也 打算 讓寶寶 九月 份上 學 ﹗ 
vimiy.com, [ 投诉 ] 頂 上去,讓,版主 看到 不用 ， 死 了 骨灰 撒 过去 稍 安勿躁 ， 一会 就 把 你 叉回去 
kocpc.com.tw, 如何,讓,炮姐 配合 現有的 DPS 卡牌_ 我 叫 MTOnline 最 全 攻略 站 
ranbos.com,卡额宝 的 形式 做 理财 产品 虽然 在 营销 上 能够 占据 优势 但 从 长远 发展 来看 平台 面临 着 巨大 的 流动性 风险 一直 以 來身邊 人 總筆者 問悟 空理 財安 不 安全 我 總是 不 知道 信用卡 积分 下调 持卡者 手头 积分 及时 兑换 該 怎 麼 回答,讓,他 們 感到 困惑 的 是 悟 空理 財比餘額寶 收益 高 他 們之間 到底 有 什麼 不同 ？ 
shyysw.net, 十 天 前 收到 华亚 旅游团 到 凯尔 峡谷 春天 山 国家 公园 游览 的 通知 ， 通知 内容 如下 ：,讓,我们 看 雪去 ， 接觸 大自然 ， 風雨無阻 。 
936565.vip," 谢逸枫 也 指出 而后 冷笑 道 [ 公司 ] 回天 胶业 : 目前 销售 稳定 应收 账款 有 改善 ~ 面对面 好似 固然 难度 "" 畏惧 行业 板块 涨幅 第二 笔 钱",讓,任何 人 都 能 ? 
382778.vip," 我 已经 查 探过 了 "" 王富艳 , 俄 媒 ： 金正恩 宣布 已 有 氢弹 将 用于 维护 国家 主权 笔钱",讓,"任何 人 都 能 报告 还 记录 了 “ 涉嫌 侵犯 领土 完整 、 涉嫌 参与 恐怖 主义 或 被 认为 支持 所谓 顿涅茨 克 人民 共和国 和 卢甘斯克 人民 共和国 的 人 受到 强迫 失踪 、 任意 和 单独 拘留 以及 酷刑 和 虐待 ” 的 案件 , "
fx361.com, 曲木 之 坚决 反对 ， “,讓,他 在 监狱 里 好好 改造 吧 ， 这 孩子 不 吃 点 苦头 ， 怎么 知道 生活 的 艰辛 。 ” 
163.com, 今天 想,讓,自己 心情 好 一点 ， 就 随便 找 了 一 家 店 去 做 了 昂贵 的 水晶 甲 。 
yule.com.cn, 此前 罗志祥 在 明星 空间 专属 页面 放出 一 组 照片 ， 并 大声 向 粉丝们 告白 “ 真的 不要,讓,我 一 個 人 在 房間裏 啦 ” ， 亲爱的 粉丝们 你 怎么 舍得 让 这样 一 个 认真 又 爱 搞笑 的 罗志祥 独自 在 明星 空间 里 呢 ？ 
fengshui-chinese.com, 太太 脾氣 差 你 要 多 忍,讓,自己 脾气 都 不 多 好了 ， 哈哈哈 。 
tianya.cn, 命案,讓,附近 居民 人心惶惶 。 
drumchina.com,年 輕還 是 要 試 一下 有 想 过 要 怎么 对付 你 讨厌的人 吗 ： 沒 你 的 另 一 半 帮 你 付钱 是 理所当然 的 吗 ： 沒有 任何 事 是 理 所 當然 如果 有 人 误会 你 ， 你 会 怎样 ： 不懂 的 人 就,讓,他 一 輩子 不 懂 吧 觉得 同性恋 如何 呢 ： 很 OK ， 誰愛誰 又 如何 ? 
tstv.cn, 美麗綻 放 狠狠 的 哭 小 不 點 的 天空謝 你 給 的 美妙 唯 深深 的 一 段 月光 一 能,讓,天子 流淚 的 強悍 皇後 2014-08-28 09:48 现在 ， 走过 漫漫人 活路 。 
china-ef.com, 穎型 美 波 ，,讓,你 一 次 全部 拥有 。 
flash2u.com.tw,"第五 是 使 决策 变得 迅速 科学 是 提高 企业 竞争力 , 凝聚力 所以 我 們 在 FLASH 教學 中 也 可以 運用 OA ， OA 能够 为 企业 的 管理 人员 提供 良好 的 办公 手段 和 环境 , 使 之 准确 , 高效 , 愉快 的 工作 ， 也",讓,我 們學 耳朵 更 愉快 ！ 
5icool.org, 当 一 个 致力于 建设 成熟 用户 群体 的 社区 管理员 看到 用户 ID 为 ：,讓,我 ☆ve 噯伱 、 丄諦啲 仇 魜ヤ 、 簞蒓ズdê ! 
ranbos.com,我 和 你 的 母親無法 用 言語來 描述 你 帶給 我 們 的 未 很多 银行 都 为 信用卡 积分 找到 了 很多 使用 方法 來 希望 你 的 新 生活 中 充滿瞭 希望 我 們 希望 你 能 保持 快樂 和 健康 你 已 經給瞭 我 們 充分 的 理由,讓,我 們 反思 我 們 希望 你 生活 的 世界 像 所有 父母 一 樣 我 們 希望 你 在 比我 們 今天 生活 得 更 好 的 世界 中 快樂成 長 但是 新 聞中 往往 更 多 提及 負面 的 東西實際 上 從 很多 方面 來看 我 們 的 世界
ranbos.com, 来自 某 股份制 银行 的 信息 表明 ， 生計 他 和 妻子 開瞭 一 個 雜貨店 賣雞 蛋 摩根 賣雞 蛋 時 常常 有 顧客 抱怨 說 他 的 雞蛋 小 惠州 注塑模 温 机經過 一 段 時間 的 觀察總結 他 便,讓,妻子 來賣 雞蛋 結果顧 客 不 僅 不 嫌 雞蛋 小 反而 對 摩根 的 印象 和 態度 也 大大 改觀 瞭為什麼 ？ 
taaan.com," ( 男 ) 33 公司 的 成长 和 成功 , 是 和 你们 的 鼎力 撑持 和 帮忙 分 不 开 的 ,",讓,"我 們以 熱烈 的 掌聲對 他 們的 到來 暗示 盛大 的 歡迎 和 衷心 的 感謝 , ( 男 ) 以下 有请 公司 总司理 -- 师长 教师 上台 , = = 师长 教师 在 2004年 , 可谓 是 三 喜 临门 , , 新婚 嬿尔 , 喜 得 贵子 , 公司"
511726.vip," 阻力 上方 压力 位置 继续 25 、 15 车 企 虚假 降价 敷衍 发改委 奔驰 官微 辱骂 消费者 ~ 狠 辣 , 笔 钱",讓,任何 人 都 能 剩 60 多 个 美金 时 你 就 会 被 系统 自动 平仓 ~ 
fanwenz.com," 你 能 吗 你 这个 魔鬼 , 你",讓,我 在 每 个 想 你 的 夜晚 饱受 煎熬 ， 为什么 你 在 我 的 脑海 里 挥之不去 ， 我 是 该 渴望 你 还是 惧怕 你 ， 你 这个 无形之中 的 魔鬼 
xiami.com, “ 你 教 我 愛 的 善良 你 教 我 恨 的 野蠻 你 教 我 忘記該 忘 傷心 太 傷 那些 你 教 我 的 事,讓,思念 更 苦 更 長 只 想 問 想念 的 想念 的 想念 的 你 怎麼樣 ” ， 不同 的 男孩 教给 我 不同 的 事 ， 同 一 个 男孩 学会 不同 的 爱 ， 如果 在 最后 都 不 是 以 分开 的 方式 结束 ， 会 不 会
wanbizu.com, Tor 專門 防範 流量 過濾 、 嗅探 分析 ，,讓,使用者 免受 其害 。 
jeepun.net, http : //comicl.51fe.com/viewthread.php?tid=87849,讓,"我 們感謝 漫區 4 位 版主 -- 亚洲 之 鹰 , 风 の伤 , liang881892 26 , 121416 作出 的 努力 . "
511726.vip," 现货 原油 美女 学会 , 笔 钱",讓,任何 人 都 能 平时 与 亦 菲 粉丝 接触 中 可以 感到 他们 整体 素质 都 很 高 。 
787692.vip," 国家队 第一 季度 新 动向 ： 增持 证券 航空 卖了 家电 达到 数百 个 品种 能 "" 同时 美国 国会 打算 对 这个 问题 进行 自己 单独 的 调查 笔钱",讓,任何 人 都 能 深圳 政企 合作 创建 PPP 新型 投资 养老 模式 ？ 
kimiss.com, 焦糖 色 的 裸唇 ， 側映 著 巴斯 底 的 冬日 夕陽 ， 這一刻 給 我 一 個 和解 的 擁抱 ，,讓,我 掛上 褐色 的 停戰旗 ~ 
u148.net, 回复 ： 空白 页 & gt ; 很 溫暖 的 感覺 ，,讓,我 想起 自己 出門 在外 的 時候 。 
nb40.com, 纯属 巧合 ： 第二 季,讓,主角 群全 滅 我 也 無所 謂喔 
autohome.com.cn, 备注 ： 【 众 泰 高原 行路 放 民族情 】 —— 重游 双廊 ， 探秘 未知 的 古城 ， 現在 就請 你 泡上 一杯茶 ， 靜靜 地 坐在 電腦前 ，,讓,我 帶 着 你 的 眼晴 ， 跟着 我 的 腳步 ， 一起 去 旅行 。 
oreo.blog, 寄囉 ~,讓,你 久等囉^^ 
fx361.com, 今天 就,讓,我们 跟随 江苏省 中医院 推拿 科 陶琦 主任 ， 一起 来 学 一下 小腿 抽筋 的 自我 推拿 。 
jigsy.com, 日 俄 戰爭 的 結果 ， 更 由 俄國將 庫頁島 南部 割,讓,予 日本 。 
735891.vip, 是 很 难 高效 蔡慧康 见 势 犯规 拉倒 对方 吃到 黄牌 / 2017 中国 山地 自行车 公开赛 -- 贵州 龙里 站 正式 开赛 方法 去 忽悠 就 成功 了 - 因而 此时 股价 反弹 的 可能性 较 大 笔钱,讓,任何 人 都 能 习近平 会见 全 国 公安 系统 英雄 模范 立功 集体 表彰 大会 代表 时 的 重要 讲话 引起 热烈 反响 / 1 战胜 上 港 . 
pcbaby.com.cn,， 让 孩子 做 自己 》 非常 著名 的 华裔 设计师 JasonWu 的 妈妈 写的 育儿 书 ， 畅谈 如何 用 爱 让 孩子 做 自己 ， 吴 妈妈 深 觉 父母 給 孩子 真正 的愛 ， 协助 孩子 在 每个 階段 都 能 发现 、 喜欢 及 接納 自己 ，,讓,孩子 天賦 发扬光大 。 
dy456.com, 刚 失业 那 几 天 他 整天 唉声叹气 ， 还好 他 老婆 很 乐观 总是 鼓励 他 ， 还 拿出 一部分 积蓄 给 他 盘 了 个 小餐馆,讓,他 自己 创业 。 
blogspot.com, 幾 天下 來 我 的 “ TYRNOS 30 ” 也 算是 幫 了 我 不少 ﹐ 也,讓,我 的 “ 沉底 釣 ” 進行 起來 非常 順利﹐也許 是 一 班 朋友 的 關係 ﹐ 心情 總 是 特別愉快 ﹗ 
yywzw.com, 让 （,讓,） ， 攘 ， 襄未 取消 。 
xiuzhent.com, 太荒 封印,讓,我 想起 了 有打 跟 沒打 一 樣 的 太荒神 決吶 ~ 第 14 回 同盟 会晤 龙辉 临走 之前 ， 洛清妍 又 叮嘱 了 一 句 ： “ 此 事 千万 不 可 外传 ， 除了 我们 这 五 个 人 外 ， 不可教 第六 人 知道 ， 而且 我
fx361.com, 另外 ， 乐手 配唱 有些 轻飘 ， 三 个 “ 如果 ” 的 桥段 有点 让 人 分心 ， 也,讓,观众 来不及 入戏 ， 建议 割爱 。 
52article.com," 宽恕 , 原谅 就 是 忘记 或者 赦免 ， 就",讓,一切 隨風 吧 ！ 
qikan.com.cn, 你 的 喜欢 ，,讓,我 很 费解 ， 但 它 就 这么 发生 了 ， 无知无觉 . 
attorz.com, 林強說來 ， 可以 感受 到 那 種 沉重 的 氛圍 ， 也,讓,我 想起 去年 初 為採訪 「 戰鬥舞 」 而 與羅 百 吉 一 談 ， 那種 他 長年 泡在 Hardhouse 舞廳 被 許多 原先 音 樂圈 的 老友 （ 如 黃立成 ） 排擠 、 翻臉 不 認人 而 顯得 羞澀 的 神情 。 
attorz.com, 林強補充說 明︰ 「 我 們這種 在 線上,讓,人家 認為 很 有 音樂 才華 的 ， 其 實都 才 ok 。 
ci123.com, 此外 ， 調查還顯 示 ， 胎兒對 250 至 500 赫茲 的 聲音 ， 反應 最 為明顯 ( 250 赫 茲 接近 男 性交 談時 的 聲音 ， 500 赫 茲則 是 女性 的 聲音 ) ， 能,讓,胎兒聽 到 的 更加 安靜 的 聲音 是 母親 血液 流動 的 聲音 ， 令 胎兒 感到 厭惡 甚至 有 哭泣 反應 的 聲音 是 高 頻率 激烈 的 聲音 ， 如 車輛 的 喇叭 聲 和 貓狗 的 叫聲 等 。 
561958.vip, 不 提 风险 从 / 4 小时 为 依据 来 笔 钱,讓,任何 人 都 能 ~ 日内 公布 的 ？ 
songshuhui.net, 醫療 技術 與儀器 的 進步 ， 讓開 心手 術 也 能 變得不 一 樣 ， 嘉義 基督教 醫院 藉由 「 八 爪 章魚 固定器 」 的 協助 ，,讓,心臟 外科 醫師 在 進行 心臟冠 狀動脈繞 道 手術時 ， 患者 心臟 仍然 可以 繼續 跳動 ， 心絞痛 呈現 休克 緊急 現象 的 73 歲 的 王 老先生 ， 就 透過 不停 跳 開 心手術 ， 搶救回 寶貴 的 一 命 ， 心臟 外科 主任 甘宗本 強調 ， 不停 跳 開
uzai.com, 由當 地 原住民 所 表演 的 舞蹈 中 ， 在 閃爍 的 燈光 下,讓,您 感受 夏威夷 真正 的 貴族 傳統 文化 將重現 在 您 的 眼前 。 
bufuzao.com,"播放 模式 均由 看看 影院 电视剧 收集 于 互联网 , 大陆 《 野狼 突击队 》 分为 普通 视频 观看 、 百度 影音 高清 播放 模式 , 其中 普通 观看 , 弟弟 是 野狼 , 這枚 野狼 弟弟 留了 小鬍子 , 身體 小 結實 , 有點 胸毛 , 再加上 那 條泳褲 ,",讓,"他 覺得 自己 挺 性感 的 , 不禁 自 摸 起來 … … 墨鏡 男 繞 到 了 弟弟 身後 坐下 , 手指 撩起 了 弟弟 的 奶頭 … … , 大野 狼 的 甜心 , 滋味 小说 网 提供 由 田心贞所 写 的 大野 狼 的 甜心 最新 章节 在线"
965335.vip, 英雄 大片 与 清新 喜剧 竞逐 影市 清明 档 铁棒 ： “ 买进 的 ~ yzdsb : 很多 交易 老手 都 很 容易 在 这 犯错误 : 达到 精确 量化 地 控制 风险 笔 钱,讓,任何 人 都 能 ！ ” 
2266888.com, 可 租 可,讓,。 
qikan.com.cn, 女 同事,讓,我 帮 取下 快递 ， 我 说 ： “ 你 用 给 男友 说话 的 语气 再 跟 我 说 一 遍 ！ ” 
dajia.net.cn, A 伱好 ，,讓,我 向 您 提供 點創業資 料 微薄 之 力 现在 商人 绞尽脑汁 的 想 办法 赚钱 ， 无 不 出 奇招 的 ， 拉拢 客人 现在 商业 竞争 强大 生意 的 是 越来越 难做 啊 本 朲 看法 现在 不 努力 赚钱 以后 肯定 后悔 应为 在 下去 的 路 肯定
chahaoba.com, 后来 說 恒生指数 的 升跌 ， 有 內線 人 之类 的 交易 ， 刚好 他 的 一 個 VIP 客户 移民 到 澳洲 了 ， 他 刚好 当上 公司 总经理 ， 可以 利用 职务 之 便,讓,我 做 投资者 ， 利润 是 10 倍 以上 。 
hupu.com, 2012-13 年 ， 快艇 已 成 為聯 盟 的 常勝軍 ， 2012年 12月 的 17 連勝 ，,讓,他 們成為史 上 第四 支 單月不敗球隊 。 
chinagayles.com, 想 找 形婚,讓,父母 安心 。 
hn-cts.com,★ 深度 畅游 6 大岛 ： 安达曼 公主 岛 、 珊瑚岛 （ 哈哈岛 ） 、 翡翠 岛 、 PP 岛 、 帝王 岛 、 割喉 岛★ 特別 入住 一 晚 安达曼 公主 岛 的 安達曼 公主 花園 （ 五星 ） ， 此 酒店 為 泰 國 皇家 御用 度假 酒店 ，,讓,您 得到 皇室 般 尊 貴 享受 。 
hn-cts.com, ★ 精選 美食 ： 公主 岛 私家 沙滩 烛光 晚宴 、 蚱蜢蟹 、 泰式 海鲜 大歺 、 文化 村 泰 式 风味 餐 、 韩式 BBQ 烧烤 餐 ，,讓,您 美食 享 不 停 。 
chinaste.net,東森 新 聞網 2011年 捲土 重來 ， 供给 線上 供给 即時新聞 ， 包含 政治 、 財經 、 社會 及 國際 要聞 ， 以及 日子 、 消費 、 寵物 、 分外 、 娛樂 、 運動 、 旅遊 資訊 和 相關 新 聞報導 ， 並強 化 社群 與讀 者 互動 ， 以 期,讓,東森 新 聞網 的 內容 更 為豐 富 多元 ， 本报讯 （ 记者 刘大伟 ） 今日 上午 ， 首 届 北京 晚报 百 队 杯 少儿 足球城 际赛 在 恒通 国际 足球场 满意 闭幕 。 
chinagayles.com, 我 的 兴趣 ： 旅遊 、 電影 我 的 格言 ： 下 輩子 ，,讓,我 當個 正常 的 異性 戀 . 
pixnet.net, 但是 因為 一 整 天 的 鼻塞 、 流鼻水 ，,讓,我 擤鼻涕 擤到 流眼淚 ！ 
hupu.com," 笔锋 一 转 ,",讓,我 們 回到 青少年 的 比赛 . 
hxwbzy.com, 拜托 各位 大 神 采纳 哦 ymdha@草榴 社區@福大 女神 张依伊 就 要 爆 红的 女孩 + 好 逼 都,讓,狗 日 了 留學生 被 外國 大叼操 + 桥 口 古田 我 家 的 宽带 是 50 M 的 带宽 ， 当时 技术员 上门 安装 的 时候 测试 下载 是 5.96MB / S ， 在 之后 的 一 个 多 月 的 使用 中 ， 我 下载 迅雷 快 传 的
ef43.com.cn, 时尚 点评 : 韩版显 瘦哈伦裤 着重 考虑 人体 的 舒适度 和 整体 线条 和谐感 ， 毫不 誇張 的 曲綫美感 ， 遮 掩住 臀部 的 肉肉 ，,讓,您 的 美腿 更 潮 ， 更長 ， 更 有 范兒 。 
zww.cn, · 【 发表区 】 《 我 的 四 号 王子 》 《 原来 他 还 爱 着 我 》 全力 出击 310 字 ( 天敌 二 次 方喏 ， 別告訴 我 ， 那 句,讓,人心 碎 的話 。 
zww.cn, · 【 发表 区 】 原来 、 我们 都 一样 呢 1333 字 ( 天敌 二 次 方喏 ， 別告訴 我 ， 那 句,讓,人心 碎 的話 。 
zww.cn, · 【 发表 区 】 我 妹子 的 闹 { 无语 } 764 字 ( 天敌 二 次 方喏 ， 別告訴 我 ， 那 句,讓,人心 碎 的話 。 
chinagayles.com, 我 的 兴趣 ： 誰都別說 ，,讓,我 一 個 人 躲 一 躲 。 
youyuwei.com,的 習慣 截然不同 ； 此外 ， 沾醬 更 是 精彩 所在 ， 同 樣 的 花生 香料 醬底 ， 海南人 卻加進 黃梨 及 一種類 似 小 楊桃 稱為 Belimbing 的 酸 果 ， 甜鹹間 微微 的 清香 酸味 ， 综合 了 馬來 版本 給 人 濃膩 死 甜 的 印象 ，,讓,味蕾 有 呼吸 的 餘地 。 
cwzg.cn, ( 一 位 香港 某 电视台 著名 主持人 杨锦麟 就 曾经 发微 博 说 ， “ 幸好 還 有 個 香港 ， 不然 就,讓,李光耀 得瑟 死 了 ! ” ) 
qikan.com.cn, 那 次 相聚 ， 甚至,讓,我 产生 了 一 种 错觉 ， 好像 我们 还是 当年 的 街飞 ， 意气风发 豪情 万丈 ！ 
wolfax.com, 證不容易 ， 而 我 們 可以 幫 你 輕松 搞定 ，,讓,你 的 學 . 
